{"global_step": 999, "client0_global_round": 0, "client0_local_epoch": 0, "client0_local_step": 999, "client0_step_loss": 1.5832195281982422, "client0_avg_loss": 1.895727551460266, "client0_self": 0.0003732711083601708, "client0_DRA_0_step_RLF": 0.011560693080290048, "client0_DRA_1_step_RLF": 0.13157894349030483, "client0_DRA_2_step_RLF": 0.25287355863125915, "client0_DRA_3_step_RLF": 0.405405400496713, "client0_DRA_4_step_RLF": 0.5209003165757178, "client0_DRA_5_step_RLF": 0.5142857093079365, "client0_DRA_6_step_RLF": 0.4825396775619048, "client0_DRA_7_step_RLF": 0.5031446491040703, "client0_DRA_8_step_RLF": 0.48902820818034415, "client0_DRA_9_step_RLF": 0.011560693080290048, "client0_DRA_10_step_RLF": 0.011428570660571478, "client0_DRA_11_step_RLF": 0.0, "client0_DRA_12_step_RLF": 0.0, "client0_DRA_13_step_RLF": 0.011428570660571478, "client0_DRA_14_step_RLF": 0.0, "client0_DRA_15_step_RLF": 0.022471909051887437, "client0_DRA_16_step_RLF": 0.011363635495867833, "client0_DRA_17_step_RLF": 0.011363635495867833, "client0_DRA_18_step_RLF": 0.011111109866666807, "client0_DRA_19_step_RLF": 0.010928960243662305, "client0_DRA_20_step_RLF": 0.01047120207011912, "client0_DRA_21_step_RLF": 0.010362692045424528, "client0_DRA_22_step_RLF": 0.009803918662053917, "client0_DRA_23_step_RLF": 0.0187793393903332, "client0_DRA_24_step_RLF": 0.0, "client0_DRA_25_step_RLF": 0.0, "client0_DRA_26_step_RLF": 0.0, "client0_DRA_27_step_RLF": 0.0, "client0_DRA_28_step_RLF": 0.022556386323704953, "client0_DRA_29_step_RLF": 0.015444010885945202, "client0_DRA_30_step_RLF": 0.039867104702156216, "client0_DRA_31_step_RLF": 0.06622516062628868, "_timestamp": 1711096246.7601464, "_runtime": 2720.012716293335, "_step": 999, "client0_attacker_tr2t_step": 0.0, "client0_DRA_0_RLF_avg": 0.016099968146972295, "client0_DRA_0_R1F_avg": 0.016124969123572943, "client0_DRA_0_R2F_avg": 0.0003953012249325735, "client0_DRA_1_RLF_avg": 0.1334487086691396, "client0_DRA_1_R1F_avg": 0.13477355426702878, "client0_DRA_1_R2F_avg": 0.03733999052002988, "client0_DRA_2_RLF_avg": 0.21985065004249144, "client0_DRA_2_R1F_avg": 0.2218213829565895, "client0_DRA_2_R2F_avg": 0.10006092634063811, "client0_DRA_3_RLF_avg": 0.25006125189900696, "client0_DRA_3_R1F_avg": 0.25091594989341376, "client0_DRA_3_R2F_avg": 0.1540082168598592, "client0_DRA_4_RLF_avg": 0.17151140062197115, "client0_DRA_4_R1F_avg": 0.17192929787370304, "client0_DRA_4_R2F_avg": 0.12337249531511828, "client0_DRA_5_RLF_avg": 0.2207367139325855, "client0_DRA_5_R1F_avg": 0.22114512522251878, "client0_DRA_5_R2F_avg": 0.16383587835849847, "client0_DRA_6_RLF_avg": 0.2310770069214481, "client0_DRA_6_R1F_avg": 0.23164399350059495, "client0_DRA_6_R2F_avg": 0.169194203608742, "client0_DRA_7_RLF_avg": 0.2304035704594512, "client0_DRA_7_R1F_avg": 0.2310436312679977, "client0_DRA_7_R2F_avg": 0.16481495987881437, "client0_DRA_8_RLF_avg": 0.1977733618250634, "client0_DRA_8_R1F_avg": 0.1984466155270913, "client0_DRA_8_R2F_avg": 0.13606828827852244, "client0_DRA_9_RLF_avg": 0.10805622942197331, "client0_DRA_9_R1F_avg": 0.10861287727066783, "client0_DRA_9_R2F_avg": 0.06731274579279876, "client0_DRA_10_RLF_avg": 0.11760864879392345, "client0_DRA_10_R1F_avg": 0.11821815458991816, "client0_DRA_10_R2F_avg": 0.0696781177081455, "client0_DRA_11_RLF_avg": 0.058941635762910206, "client0_DRA_11_R1F_avg": 0.059374725981095236, "client0_DRA_11_R2F_avg": 0.031879409986840336, "client0_DRA_12_RLF_avg": 0.04940214815785396, "client0_DRA_12_R1F_avg": 0.0498879285105015, "client0_DRA_12_R2F_avg": 0.024196068778695075, "client0_DRA_13_RLF_avg": 0.04882519341997292, "client0_DRA_13_R1F_avg": 0.04936491094538968, "client0_DRA_13_R2F_avg": 0.022345462732984694, "client0_DRA_14_RLF_avg": 0.025484043987090872, "client0_DRA_14_R1F_avg": 0.02580052048206009, "client0_DRA_14_R2F_avg": 0.010132486832495284, "client0_DRA_15_RLF_avg": 0.01740434906824597, "client0_DRA_15_R1F_avg": 0.01749530710515431, "client0_DRA_15_R2F_avg": 0.0063384713787731995, "client0_DRA_16_RLF_avg": 0.0030036562921878646, "client0_DRA_16_R1F_avg": 0.0030476632171227537, "client0_DRA_16_R2F_avg": 0.0007766695148628163, "client0_DRA_17_RLF_avg": 0.0018836066024684576, "client0_DRA_17_R1F_avg": 0.0018943017896342331, "client0_DRA_17_R2F_avg": 0.00033288227790800016, "client0_DRA_18_RLF_avg": 0.005905710927142375, "client0_DRA_18_R1F_avg": 0.005931266283134292, "client0_DRA_18_R2F_avg": 0.0015248425431042974, "client0_DRA_19_RLF_avg": 0.013129448155847647, "client0_DRA_19_R1F_avg": 0.013283353891140985, "client0_DRA_19_R2F_avg": 0.00278501101104847, "client0_DRA_20_RLF_avg": 0.013633691491302955, "client0_DRA_20_R1F_avg": 0.013761283439250031, "client0_DRA_20_R2F_avg": 0.0025491823803225453, "client0_DRA_21_RLF_avg": 0.01659822713094756, "client0_DRA_21_R1F_avg": 0.016883470821700712, "client0_DRA_21_R2F_avg": 0.0031066532666923744, "client0_DRA_22_RLF_avg": 0.01640520462508453, "client0_DRA_22_R1F_avg": 0.016722391774152353, "client0_DRA_22_R2F_avg": 0.0025883374457917096, "client0_DRA_23_RLF_avg": 0.018861621858235273, "client0_DRA_23_R1F_avg": 0.019499841379144053, "client0_DRA_23_R2F_avg": 0.003092382217066512, "client0_DRA_24_RLF_avg": 0.01228728829351439, "client0_DRA_24_R1F_avg": 0.01272417807977863, "client0_DRA_24_R2F_avg": 0.001629069654447171, "client0_DRA_25_RLF_avg": 0.017115784589190997, "client0_DRA_25_R1F_avg": 0.017756997950815312, "client0_DRA_25_R2F_avg": 0.0019250790544184917, "client0_DRA_26_RLF_avg": 0.012509168092730309, "client0_DRA_26_R1F_avg": 0.012948403689846297, "client0_DRA_26_R2F_avg": 0.0011142252523559466, "client0_DRA_27_RLF_avg": 0.01420950606348465, "client0_DRA_27_R1F_avg": 0.014762033774347016, "client0_DRA_27_R2F_avg": 0.0009859818319094562, "client0_DRA_28_RLF_avg": 0.019528633595810255, "client0_DRA_28_R1F_avg": 0.020396886049373647, "client0_DRA_28_R2F_avg": 0.0013028981250147425, "client0_DRA_29_RLF_avg": 0.009359561300175906, "client0_DRA_29_R1F_avg": 0.00981303067049122, "client0_DRA_29_R2F_avg": 0.0004260437557947817, "client0_DRA_30_RLF_avg": 0.02429042280271952, "client0_DRA_30_R1F_avg": 0.026298777469400906, "client0_DRA_30_R2F_avg": 0.0010842734789468773, "client0_DRA_31_RLF_avg": 0.026271374810538695, "client0_DRA_31_R1F_avg": 0.02850127140886747, "client0_DRA_31_R2F_avg": 0.00010552203784517159, "client0_attacker_tr2t_avg": 0.01733582119538418, "client0_attacker_tr2t_sampled": 0.013351939115940353, "client0_test-ppl": 20.106216430664062, "_wandb": {"runtime": 2714}}