{"global_step": 1199, "client0_global_round": 0, "client0_local_epoch": 0, "client0_local_step": 1199, "client0_step_loss": 1.1479823589324951, "client0_avg_loss": 0.39549718011791507, "client0_self": 0.0, "_timestamp": 1711048763.9685252, "_runtime": 211.94623708724976, "_step": 1199, "client0_attacker_b2tr_step": 0.9061436301261672, "client0_DRA_b2tr_rgLf_avg": 0.8920822347393942, "client0_DRA_b2tr_rgLf_sampled": 0.8940467963032347, "_wandb": {"runtime": 209}}