{"global_step": 999, "client0_global_round": 0, "client0_local_epoch": 0, "client0_local_step": 999, "client0_step_loss": 1.5832195281982422, "client0_avg_loss": 1.895727551460266, "client0_self": 0.0003732711083601708, "client0_DRA_0_step_RLF": 0.0, "client0_DRA_1_step_RLF": 0.011834319408984282, "client0_DRA_2_step_RLF": 0.1170212746944319, "client0_DRA_3_step_RLF": 0.24137930634958385, "client0_DRA_4_step_RLF": 0.35810810319941566, "client0_DRA_5_step_RLF": 0.3569023519885726, "client0_DRA_6_step_RLF": 0.35179152598924135, "client0_DRA_7_step_RLF": 0.34615384118343206, "client0_DRA_8_step_RLF": 0.3311688262101535, "client0_DRA_9_step_RLF": 0.3127035781065052, "client0_DRA_10_step_RLF": 0.27831714714173506, "client0_DRA_11_step_RLF": 0.23102309736953905, "client0_DRA_12_step_RLF": 0.24183006040753569, "client0_DRA_13_step_RLF": 0.22801302436057685, "client0_DRA_14_step_RLF": 0.20779220283353023, "client0_DRA_15_step_RLF": 0.18749999548828133, "client0_DRA_16_step_RLF": 0.1550387551469264, "client0_DRA_17_step_RLF": 0.08583690584833042, "client0_DRA_18_step_RLF": 0.12403100320894193, "client0_DRA_19_step_RLF": 0.11278195023347862, "client0_DRA_20_step_RLF": 0.1064638737122123, "client0_DRA_21_step_RLF": 0.07272726797328957, "client0_DRA_22_step_RLF": 0.045627371811071904, "client0_DRA_23_step_RLF": 0.05204460497560884, "client0_DRA_24_step_RLF": 0.038167934330167796, "client0_DRA_25_step_RLF": 0.037174716499772574, "client0_DRA_26_step_RLF": 0.03846153388875794, "client0_DRA_27_step_RLF": 0.03846153388875794, "client0_DRA_28_step_RLF": 0.06315788989695328, "client0_DRA_29_step_RLF": 0.04210525831800609, "client0_DRA_30_step_RLF": 0.05479451566147538, "client0_DRA_31_step_RLF": 0.021352308358811127, "_timestamp": 1711088255.7345898, "_runtime": 2087.779995918274, "_step": 999, "client0_attacker_tr2t_step": 0.037174716499772574, "client0_DRA_0_RLF_avg": 0.0023763088543767214, "client0_DRA_0_R1F_avg": 0.0023763088543767214, "client0_DRA_0_R2F_avg": 0.00014239197423424985, "client0_DRA_1_RLF_avg": 0.015212610957672491, "client0_DRA_1_R1F_avg": 0.01522787813324501, "client0_DRA_1_R2F_avg": 9.735545538398395e-05, "client0_DRA_2_RLF_avg": 0.106247502847999, "client0_DRA_2_R1F_avg": 0.11129288168234806, "client0_DRA_2_R2F_avg": 0.020343169967893933, "client0_DRA_3_RLF_avg": 0.261830431462345, "client0_DRA_3_R1F_avg": 0.2680863672362597, "client0_DRA_3_R2F_avg": 0.10833791674513436, "client0_DRA_4_RLF_avg": 0.371681933088984, "client0_DRA_4_R1F_avg": 0.3742587848996689, "client0_DRA_4_R2F_avg": 0.2069091832694953, "client0_DRA_5_RLF_avg": 0.3952039099066166, "client0_DRA_5_R1F_avg": 0.3972139663301351, "client0_DRA_5_R2F_avg": 0.23632960819615392, "client0_DRA_6_RLF_avg": 0.3829004979533999, "client0_DRA_6_R1F_avg": 0.38490221184418044, "client0_DRA_6_R2F_avg": 0.22645335444370482, "client0_DRA_7_RLF_avg": 0.3746616957450402, "client0_DRA_7_R1F_avg": 0.37661352976349977, "client0_DRA_7_R2F_avg": 0.21910130937483316, "client0_DRA_8_RLF_avg": 0.3607995843470104, "client0_DRA_8_R1F_avg": 0.3628529382899759, "client0_DRA_8_R2F_avg": 0.2074254428400118, "client0_DRA_9_RLF_avg": 0.3413647534595577, "client0_DRA_9_R1F_avg": 0.343562471113555, "client0_DRA_9_R2F_avg": 0.19019405191941247, "client0_DRA_10_RLF_avg": 0.31687085270292165, "client0_DRA_10_R1F_avg": 0.31925332175014115, "client0_DRA_10_R2F_avg": 0.16908589635472945, "client0_DRA_11_RLF_avg": 0.3012652592788579, "client0_DRA_11_R1F_avg": 0.30413534065724707, "client0_DRA_11_R2F_avg": 0.15571099094978538, "client0_DRA_12_RLF_avg": 0.2862446693030363, "client0_DRA_12_R1F_avg": 0.28912517138810284, "client0_DRA_12_R2F_avg": 0.1443362273947375, "client0_DRA_13_RLF_avg": 0.26702398289511237, "client0_DRA_13_R1F_avg": 0.2699916835792068, "client0_DRA_13_R2F_avg": 0.12949773589340732, "client0_DRA_14_RLF_avg": 0.2433896239219884, "client0_DRA_14_R1F_avg": 0.2471155698635405, "client0_DRA_14_R2F_avg": 0.11243688843159413, "client0_DRA_15_RLF_avg": 0.2096832305515206, "client0_DRA_15_R1F_avg": 0.21310295351852643, "client0_DRA_15_R2F_avg": 0.0909081313759589, "client0_DRA_16_RLF_avg": 0.16197963136847898, "client0_DRA_16_R1F_avg": 0.16571374973805836, "client0_DRA_16_R2F_avg": 0.06504179146304381, "client0_DRA_17_RLF_avg": 0.11314488091443506, "client0_DRA_17_R1F_avg": 0.11689711679995259, "client0_DRA_17_R2F_avg": 0.03919444121157341, "client0_DRA_18_RLF_avg": 0.11354196226330708, "client0_DRA_18_R1F_avg": 0.11734918633967735, "client0_DRA_18_R2F_avg": 0.03900412982774768, "client0_DRA_19_RLF_avg": 0.10146113955304266, "client0_DRA_19_R1F_avg": 0.10519659481591284, "client0_DRA_19_R2F_avg": 0.03193430425987696, "client0_DRA_20_RLF_avg": 0.10667948702748271, "client0_DRA_20_R1F_avg": 0.11126476299096276, "client0_DRA_20_R2F_avg": 0.031386396478793634, "client0_DRA_21_RLF_avg": 0.10014442916971909, "client0_DRA_21_R1F_avg": 0.10457377498420897, "client0_DRA_21_R2F_avg": 0.026153033435394876, "client0_DRA_22_RLF_avg": 0.08102435420202986, "client0_DRA_22_R1F_avg": 0.08470437571135368, "client0_DRA_22_R2F_avg": 0.017217646893745286, "client0_DRA_23_RLF_avg": 0.07481136022039982, "client0_DRA_23_R1F_avg": 0.07804734822042837, "client0_DRA_23_R2F_avg": 0.014164920798200214, "client0_DRA_24_RLF_avg": 0.05820454168806388, "client0_DRA_24_R1F_avg": 0.06078243502956884, "client0_DRA_24_R2F_avg": 0.008697520168816808, "client0_DRA_25_RLF_avg": 0.05916816285640428, "client0_DRA_25_R1F_avg": 0.06186240385041582, "client0_DRA_25_R2F_avg": 0.007931835461236759, "client0_DRA_26_RLF_avg": 0.04434654071253643, "client0_DRA_26_R1F_avg": 0.04626428976345113, "client0_DRA_26_R2F_avg": 0.0044065330720957545, "client0_DRA_27_RLF_avg": 0.039972500904823224, "client0_DRA_27_R1F_avg": 0.041609701879732036, "client0_DRA_27_R2F_avg": 0.003721147226219256, "client0_DRA_28_RLF_avg": 0.047596694793519446, "client0_DRA_28_R1F_avg": 0.049417024839863516, "client0_DRA_28_R2F_avg": 0.0037170237474318988, "client0_DRA_29_RLF_avg": 0.026598529935170964, "client0_DRA_29_R1F_avg": 0.02757455992952747, "client0_DRA_29_R2F_avg": 0.0011730400917380978, "client0_DRA_30_RLF_avg": 0.028991279991807867, "client0_DRA_30_R1F_avg": 0.030643801415581068, "client0_DRA_30_R2F_avg": 0.0009590619406854047, "client0_DRA_31_RLF_avg": 0.01639106287103341, "client0_DRA_31_R1F_avg": 0.01694065478659581, "client0_DRA_31_R2F_avg": 2.5920148911776755e-05, "client0_attacker_tr2t_avg": 0.058865131133918704, "client0_attacker_tr2t_sampled": 0.044083469999620005, "client0_test-ppl": 20.106216430664062, "_wandb": {"runtime": 2082}}