{"global_step": 1199, "client0_global_round": 0, "client0_local_epoch": 0, "client0_local_step": 1199, "client0_step_loss": 0.47037461400032043, "client0_avg_loss": 0.5823942843576272, "client0_self": 0.0, "_timestamp": 1711033957.5964496, "_runtime": 203.59436869621277, "_step": 1199, "client0_attacker_b2tr_step": 0.8387395686795639, "client0_DRA_b2tr_rgLf_avg": 0.733071292286924, "client0_DRA_b2tr_rgLf_sampled": 0.7499149178149629, "_wandb": {"runtime": 195}}