{"global_step": 1199, "client0_global_round": 0, "client0_local_epoch": 0, "client0_local_step": 1199, "client0_step_loss": 1.1479823589324951, "client0_avg_loss": 0.39549718011791507, "client0_self": 0.0, "_timestamp": 1711053380.251079, "_runtime": 204.31215000152588, "_step": 1199, "client0_attacker_b2tr_step": 0.8438781563130864, "client0_DRA_b2tr_rgLf_avg": 0.8495673572412678, "client0_DRA_b2tr_rgLf_sampled": 0.8460859760007258, "_wandb": {"runtime": 202}}