{"global_step": 999, "client0_global_round": 0, "client0_local_epoch": 0, "client0_local_step": 999, "client0_step_loss": 1.7414172887802124, "client0_avg_loss": 1.8439169017076493, "client0_self": 0.00018109891434775482, "client0_DRA_0_step_RLF": 0.0, "client0_DRA_1_step_RLF": 0.01333333320088889, "client0_DRA_2_step_RLF": 0.11042944628250971, "client0_DRA_3_step_RLF": 0.22999999620050002, "client0_DRA_4_step_RLF": 0.34749034260371797, "client0_DRA_5_step_RLF": 0.3481481432019205, "client0_DRA_6_step_RLF": 0.35251798063738937, "client0_DRA_7_step_RLF": 0.32867132368013113, "client0_DRA_8_step_RLF": 0.31399316906288954, "client0_DRA_9_step_RLF": 0.31615119775203415, "client0_DRA_10_step_RLF": 0.28373701922630246, "client0_DRA_11_step_RLF": 0.25255972196391346, "client0_DRA_12_step_RLF": 0.2332155427172272, "client0_DRA_13_step_RLF": 0.23943661473046032, "client0_DRA_14_step_RLF": 0.19999999518432016, "client0_DRA_15_step_RLF": 0.13658536188268902, "client0_DRA_16_step_RLF": 0.08376963007702654, "client0_DRA_17_step_RLF": 0.03448275615999489, "client0_DRA_18_step_RLF": 0.05911329658763887, "client0_DRA_19_step_RLF": 0.07305935638122668, "client0_DRA_20_step_RLF": 0.07239818565221869, "client0_DRA_21_step_RLF": 0.09756097083316832, "client0_DRA_22_step_RLF": 0.02752293145316119, "client0_DRA_23_step_RLF": 0.040485825172680005, "client0_DRA_24_step_RLF": 0.03433475933761966, "client0_DRA_25_step_RLF": 0.05363984184377844, "client0_DRA_26_step_RLF": 0.03041824603912236, "client0_DRA_27_step_RLF": 0.06130267709282052, "client0_DRA_28_step_RLF": 0.03030302538596269, "client0_DRA_29_step_RLF": 0.03252032042666472, "client0_DRA_30_step_RLF": 0.021201408441609882, "client0_DRA_31_step_RLF": 0.0, "_timestamp": 1711090292.7725058, "_runtime": 1718.0115797519684, "_step": 999, "client0_attacker_tr2t_step": 0.05363984184377844, "client0_DRA_0_RLF_avg": 0.0009493167212307015, "client0_DRA_0_R1F_avg": 0.0009493167212307015, "client0_DRA_0_R2F_avg": 0.0, "client0_DRA_1_RLF_avg": 0.016546627022741015, "client0_DRA_1_R1F_avg": 0.01659471429283967, "client0_DRA_1_R2F_avg": 0.00015317217349638488, "client0_DRA_2_RLF_avg": 0.12019216666029421, "client0_DRA_2_R1F_avg": 0.1255993802532678, "client0_DRA_2_R2F_avg": 0.019871881630575763, "client0_DRA_3_RLF_avg": 0.2891925929883412, "client0_DRA_3_R1F_avg": 0.2966650368787782, "client0_DRA_3_R2F_avg": 0.11066006819085193, "client0_DRA_4_RLF_avg": 0.39177812036728865, "client0_DRA_4_R1F_avg": 0.39397337805931926, "client0_DRA_4_R2F_avg": 0.20033329864558247, "client0_DRA_5_RLF_avg": 0.40887071987483314, "client0_DRA_5_R1F_avg": 0.410697925643694, "client0_DRA_5_R2F_avg": 0.22369393472942598, "client0_DRA_6_RLF_avg": 0.39223716921921087, "client0_DRA_6_R1F_avg": 0.39430104258614124, "client0_DRA_6_R2F_avg": 0.2130664794033726, "client0_DRA_7_RLF_avg": 0.3794864272487907, "client0_DRA_7_R1F_avg": 0.38138209190012884, "client0_DRA_7_R2F_avg": 0.20622737617492237, "client0_DRA_8_RLF_avg": 0.3609554670799704, "client0_DRA_8_R1F_avg": 0.362914640536869, "client0_DRA_8_R2F_avg": 0.1935752786077432, "client0_DRA_9_RLF_avg": 0.33041786305027526, "client0_DRA_9_R1F_avg": 0.33293661310108486, "client0_DRA_9_R2F_avg": 0.16920668511118356, "client0_DRA_10_RLF_avg": 0.3158081227629808, "client0_DRA_10_R1F_avg": 0.31839772272822664, "client0_DRA_10_R2F_avg": 0.1582291600429186, "client0_DRA_11_RLF_avg": 0.2936733007068194, "client0_DRA_11_R1F_avg": 0.2965815087742418, "client0_DRA_11_R2F_avg": 0.14075307253397779, "client0_DRA_12_RLF_avg": 0.26442199151869, "client0_DRA_12_R1F_avg": 0.26787136652467636, "client0_DRA_12_R2F_avg": 0.12047018374276862, "client0_DRA_13_RLF_avg": 0.23656059515378866, "client0_DRA_13_R1F_avg": 0.23978664894004925, "client0_DRA_13_R2F_avg": 0.10153134275153844, "client0_DRA_14_RLF_avg": 0.19632726352767435, "client0_DRA_14_R1F_avg": 0.19959363854899909, "client0_DRA_14_R2F_avg": 0.07803836808449623, "client0_DRA_15_RLF_avg": 0.16040518810242516, "client0_DRA_15_R1F_avg": 0.16365163540089334, "client0_DRA_15_R2F_avg": 0.058460805896954585, "client0_DRA_16_RLF_avg": 0.09925992663633201, "client0_DRA_16_R1F_avg": 0.10154383720435187, "client0_DRA_16_R2F_avg": 0.03363356140173606, "client0_DRA_17_RLF_avg": 0.07266515799881361, "client0_DRA_17_R1F_avg": 0.07477337946589432, "client0_DRA_17_R2F_avg": 0.02188210761551173, "client0_DRA_18_RLF_avg": 0.08017132356561456, "client0_DRA_18_R1F_avg": 0.08271726776613485, "client0_DRA_18_R2F_avg": 0.0234069699226195, "client0_DRA_19_RLF_avg": 0.06671581050748152, "client0_DRA_19_R1F_avg": 0.06914667784864073, "client0_DRA_19_R2F_avg": 0.01764753510568994, "client0_DRA_20_RLF_avg": 0.08267556707207194, "client0_DRA_20_R1F_avg": 0.08658810780144174, "client0_DRA_20_R2F_avg": 0.020346341854772455, "client0_DRA_21_RLF_avg": 0.08666373366726968, "client0_DRA_21_R1F_avg": 0.09032065241502567, "client0_DRA_21_R2F_avg": 0.02018651237969293, "client0_DRA_22_RLF_avg": 0.07055438755130453, "client0_DRA_22_R1F_avg": 0.07306638049735535, "client0_DRA_22_R2F_avg": 0.012828427670287329, "client0_DRA_23_RLF_avg": 0.07502491242839603, "client0_DRA_23_R1F_avg": 0.07797407628327983, "client0_DRA_23_R2F_avg": 0.012813230038766709, "client0_DRA_24_RLF_avg": 0.056923545530024114, "client0_DRA_24_R1F_avg": 0.05910891379296808, "client0_DRA_24_R2F_avg": 0.007536835259161801, "client0_DRA_25_RLF_avg": 0.056205497251944576, "client0_DRA_25_R1F_avg": 0.05838044725683493, "client0_DRA_25_R2F_avg": 0.006187001313686112, "client0_DRA_26_RLF_avg": 0.042828967525480745, "client0_DRA_26_R1F_avg": 0.04463762801800925, "client0_DRA_26_R2F_avg": 0.003597593745130429, "client0_DRA_27_RLF_avg": 0.03781848840805725, "client0_DRA_27_R1F_avg": 0.039563953426191914, "client0_DRA_27_R2F_avg": 0.0027229380569912063, "client0_DRA_28_RLF_avg": 0.046178444253211846, "client0_DRA_28_R1F_avg": 0.04832391876579372, "client0_DRA_28_R2F_avg": 0.0029217994509198996, "client0_DRA_29_RLF_avg": 0.024503112890428412, "client0_DRA_29_R1F_avg": 0.025209043529491704, "client0_DRA_29_R2F_avg": 0.0008081328949311295, "client0_DRA_30_RLF_avg": 0.026943744720830567, "client0_DRA_30_R1F_avg": 0.02829592573167575, "client0_DRA_30_R2F_avg": 0.0007274726058635566, "client0_DRA_31_RLF_avg": 0.007782095465070297, "client0_DRA_31_R1F_avg": 0.008084443779993447, "client0_DRA_31_R2F_avg": 0.0, "client0_attacker_tr2t_avg": 0.057196360075953655, "client0_attacker_tr2t_sampled": 0.0665340696645818, "client0_test-ppl": 13.402877807617188, "_wandb": {"runtime": 1713}}