{"global_step": 1199, "client0_global_round": 0, "client0_local_epoch": 0, "client0_local_step": 1199, "client0_step_loss": 0.47037461400032043, "client0_avg_loss": 0.5823942843576272, "client0_self": 0.0, "_timestamp": 1711028244.8820572, "_runtime": 204.6691131591797, "_step": 1199, "client0_attacker_b2tr_step": 0.8628359542217325, "client0_DRA_b2tr_rgLf_avg": 0.7604737190671089, "client0_DRA_b2tr_rgLf_sampled": 0.7757095008707067, "_wandb": {"runtime": 202}}