{"global_step": 1199, "client0_global_round": 0, "client0_local_epoch": 0, "client0_local_step": 1199, "client0_step_loss": 1.1479823589324951, "client0_avg_loss": 0.39549718011791507, "client0_self": 0.0, "_timestamp": 1711054415.3542972, "_runtime": 193.07180404663086, "_step": 1199, "client0_attacker_b2tr_step": 0.8231455993960349, "client0_DRA_b2tr_rgLf_avg": 0.8406131519785414, "client0_DRA_b2tr_rgLf_sampled": 0.8266947554345803, "_wandb": {"runtime": 189}}