{"global_step": 999, "client0_global_round": 0, "client0_local_epoch": 0, "client0_local_step": 999, "client0_step_loss": 1.5832195281982422, "client0_avg_loss": 1.895727551460266, "client0_self": 0.0003732711083601708, "client0_DRA_0_step_RLF": 0.04651162745267713, "client0_DRA_1_step_RLF": 0.22624434024528575, "client0_DRA_2_step_RLF": 0.4357142809142857, "client0_DRA_3_step_RLF": 0.5935483821319459, "client0_DRA_4_step_RLF": 0.6453674071675735, "client0_DRA_5_step_RLF": 0.6499999950125002, "client0_DRA_6_step_RLF": 0.630914821516385, "client0_DRA_7_step_RLF": 0.6168224249174601, "client0_DRA_8_step_RLF": 0.5932721662576103, "client0_DRA_9_step_RLF": 0.5889570502194288, "client0_DRA_10_step_RLF": 0.04145077494697857, "client0_DRA_11_step_RLF": 0.04102563863984235, "client0_DRA_12_step_RLF": 0.020942406258600582, "client0_DRA_13_step_RLF": 0.02072538634594242, "client0_DRA_14_step_RLF": 0.020833331145833564, "client0_DRA_15_step_RLF": 0.03157894532077576, "client0_DRA_16_step_RLF": 0.021276593843368212, "client0_DRA_17_step_RLF": 0.021390372505933983, "client0_DRA_18_step_RLF": 0.021390372505933983, "client0_DRA_19_step_RLF": 0.0, "client0_DRA_20_step_RLF": 0.0, "client0_DRA_21_step_RLF": 0.0, "client0_DRA_22_step_RLF": 0.0, "client0_DRA_23_step_RLF": 0.0, "client0_DRA_24_step_RLF": 0.0, "client0_DRA_25_step_RLF": 0.0, "client0_DRA_26_step_RLF": 0.0, "client0_DRA_27_step_RLF": 0.0, "client0_DRA_28_step_RLF": 0.0, "client0_DRA_29_step_RLF": 0.0, "client0_DRA_30_step_RLF": 0.0, "client0_DRA_31_step_RLF": 0.0, "_timestamp": 1711074952.1053557, "_runtime": 1860.3798468112946, "_step": 999, "client0_attacker_tr2t_step": 0.0, "client0_DRA_0_RLF_avg": 0.040883843198073824, "client0_DRA_0_R1F_avg": 0.04095220282523727, "client0_DRA_0_R2F_avg": 0.005220002102274553, "client0_DRA_1_RLF_avg": 0.24269422751726188, "client0_DRA_1_R1F_avg": 0.2513278535828635, "client0_DRA_1_R2F_avg": 0.08383388104974258, "client0_DRA_2_RLF_avg": 0.4725341919411725, "client0_DRA_2_R1F_avg": 0.4814270060490832, "client0_DRA_2_R2F_avg": 0.28530316039996306, "client0_DRA_3_RLF_avg": 0.6009463242251742, "client0_DRA_3_R1F_avg": 0.6064819038196707, "client0_DRA_3_R2F_avg": 0.4451267007116391, "client0_DRA_4_RLF_avg": 0.6583983483464682, "client0_DRA_4_R1F_avg": 0.6625407971210623, "client0_DRA_4_R2F_avg": 0.5252396046954039, "client0_DRA_5_RLF_avg": 0.6685586695596949, "client0_DRA_5_R1F_avg": 0.6714977728973103, "client0_DRA_5_R2F_avg": 0.5457255947852319, "client0_DRA_6_RLF_avg": 0.6546396713185341, "client0_DRA_6_R1F_avg": 0.657166644936239, "client0_DRA_6_R2F_avg": 0.5296790159084903, "client0_DRA_7_RLF_avg": 0.5584917686617412, "client0_DRA_7_R1F_avg": 0.56071262089056, "client0_DRA_7_R2F_avg": 0.4396067711354744, "client0_DRA_8_RLF_avg": 0.48955667404826825, "client0_DRA_8_R1F_avg": 0.49201148567103503, "client0_DRA_8_R2F_avg": 0.3712357227367918, "client0_DRA_9_RLF_avg": 0.32061306698992825, "client0_DRA_9_R1F_avg": 0.32274960078833875, "client0_DRA_9_R2F_avg": 0.2155645788866785, "client0_DRA_10_RLF_avg": 0.23657170196781857, "client0_DRA_10_R1F_avg": 0.23825692620510389, "client0_DRA_10_R2F_avg": 0.1466348684761178, "client0_DRA_11_RLF_avg": 0.17275333758131667, "client0_DRA_11_R1F_avg": 0.17391861585853519, "client0_DRA_11_R2F_avg": 0.09708086554076013, "client0_DRA_12_RLF_avg": 0.12100286943983102, "client0_DRA_12_R1F_avg": 0.12204723351154033, "client0_DRA_12_R2F_avg": 0.060349360646944086, "client0_DRA_13_RLF_avg": 0.08302852841899248, "client0_DRA_13_R1F_avg": 0.08359911010216417, "client0_DRA_13_R2F_avg": 0.037615417420421446, "client0_DRA_14_RLF_avg": 0.05452737573222991, "client0_DRA_14_R1F_avg": 0.054887585163252935, "client0_DRA_14_R2F_avg": 0.021828271820941613, "client0_DRA_15_RLF_avg": 0.03674247424963195, "client0_DRA_15_R1F_avg": 0.03693307949485655, "client0_DRA_15_R2F_avg": 0.012514335422948029, "client0_DRA_16_RLF_avg": 0.016361779919264165, "client0_DRA_16_R1F_avg": 0.01645862448993292, "client0_DRA_16_R2F_avg": 0.0038919506111608805, "client0_DRA_17_RLF_avg": 0.011127589010569277, "client0_DRA_17_R1F_avg": 0.011165181357999796, "client0_DRA_17_R2F_avg": 0.0021619604904248527, "client0_DRA_18_RLF_avg": 0.011212859162637678, "client0_DRA_18_R1F_avg": 0.011253073937879164, "client0_DRA_18_R2F_avg": 0.0019366191297608695, "client0_DRA_19_RLF_avg": 0.00643903824675862, "client0_DRA_19_R1F_avg": 0.006484911070449143, "client0_DRA_19_R2F_avg": 0.0013221868098785392, "client0_DRA_20_RLF_avg": 0.005276847393873845, "client0_DRA_20_R1F_avg": 0.0052965111909050915, "client0_DRA_20_R2F_avg": 0.000870613498009949, "client0_DRA_21_RLF_avg": 0.004215373897328305, "client0_DRA_21_R1F_avg": 0.004215373897328305, "client0_DRA_21_R2F_avg": 0.0006492654435198192, "client0_DRA_22_RLF_avg": 0.0029326213902928426, "client0_DRA_22_R1F_avg": 0.0029326213902928426, "client0_DRA_22_R2F_avg": 0.0002872702376656111, "client0_DRA_23_RLF_avg": 0.002694061924948833, "client0_DRA_23_R1F_avg": 0.002705966686853595, "client0_DRA_23_R2F_avg": 0.00025799190824780087, "client0_DRA_24_RLF_avg": 0.0012040377065265751, "client0_DRA_24_R1F_avg": 0.0012163833855389208, "client0_DRA_24_R2F_avg": 4.4842666548173645e-05, "client0_DRA_25_RLF_avg": 0.0009839595933245691, "client0_DRA_25_R1F_avg": 0.0009839595933245691, "client0_DRA_25_R2F_avg": 1.824303577889866e-05, "client0_DRA_26_RLF_avg": 0.00033320667360339784, "client0_DRA_26_R1F_avg": 0.00033320667360339784, "client0_DRA_26_R2F_avg": 5.33333068174354e-06, "client0_DRA_27_RLF_avg": 0.0003316754623504963, "client0_DRA_27_R1F_avg": 0.0003316754623504963, "client0_DRA_27_R2F_avg": 1.259964338736629e-05, "client0_DRA_28_RLF_avg": 0.0002800425651809964, "client0_DRA_28_R1F_avg": 0.0002800425651809964, "client0_DRA_28_R2F_avg": 5.899701142526536e-06, "client0_DRA_29_RLF_avg": 0.00018123054823647363, "client0_DRA_29_R1F_avg": 0.00018123054823647363, "client0_DRA_29_R2F_avg": 0.0, "client0_DRA_30_RLF_avg": 0.0010951377930990753, "client0_DRA_30_R1F_avg": 0.0011360264711973236, "client0_DRA_30_R2F_avg": 1.34008183070391e-05, "client0_DRA_31_RLF_avg": 0.0020874622741418047, "client0_DRA_31_R1F_avg": 0.0021398418248000854, "client0_DRA_31_R2F_avg": 1.2523553700450509e-05, "client0_attacker_tr2t_avg": 0.001000934779343437, "client0_attacker_tr2t_sampled": 0.0, "client0_test-ppl": 20.106216430664062, "_wandb": {"runtime": 1854}}