{"global_step": 999, "client0_global_round": 0, "client0_local_epoch": 0, "client0_local_step": 999, "client0_step_loss": 2.091644525527954, "client0_avg_loss": 2.1342112691402435, "client0_self": 0.0005164910385670354, "client0_DRA_0_step_RLF": 0.0, "client0_DRA_1_step_RLF": 0.011976047785148268, "client0_DRA_2_step_RLF": 0.09836065405237543, "client0_DRA_3_step_RLF": 0.2589285675908802, "client0_DRA_4_step_RLF": 0.3714285666010204, "client0_DRA_5_step_RLF": 0.35999999505688896, "client0_DRA_6_step_RLF": 0.33112582286390957, "client0_DRA_7_step_RLF": 0.3548387047026015, "client0_DRA_8_step_RLF": 0.33003299834613176, "client0_DRA_9_step_RLF": 0.325581390401872, "client0_DRA_10_step_RLF": 0.3016393393014781, "client0_DRA_11_step_RLF": 0.27540983110475686, "client0_DRA_12_step_RLF": 0.25974025477061913, "client0_DRA_13_step_RLF": 0.22295081471131428, "client0_DRA_14_step_RLF": 0.24503310763212147, "client0_DRA_15_step_RLF": 0.1825396780435879, "client0_DRA_16_step_RLF": 0.09606986500715108, "client0_DRA_17_step_RLF": 0.06698564266477432, "client0_DRA_18_step_RLF": 0.07207206829965121, "client0_DRA_19_step_RLF": 0.05555555199759967, "client0_DRA_20_step_RLF": 0.06808510223485766, "client0_DRA_21_step_RLF": 0.10612244461007932, "client0_DRA_22_step_RLF": 0.07377048745364176, "client0_DRA_23_step_RLF": 0.0632411022068775, "client0_DRA_24_step_RLF": 0.032520320814330685, "client0_DRA_25_step_RLF": 0.04615384153727857, "client0_DRA_26_step_RLF": 0.02371541050727327, "client0_DRA_27_step_RLF": 0.04633204172925315, "client0_DRA_28_step_RLF": 0.056939496944061405, "client0_DRA_29_step_RLF": 0.07299269595396696, "client0_DRA_30_step_RLF": 0.03533568419583281, "client0_DRA_31_step_RLF": 0.014760142854810148, "_timestamp": 1711093012.5392997, "_runtime": 2628.3899598121643, "_step": 999, "client0_attacker_tr2t_step": 0.04615384153727857, "client0_DRA_0_RLF_avg": 8.527688959423721e-05, "client0_DRA_0_R1F_avg": 8.527688959423721e-05, "client0_DRA_0_R2F_avg": 0.0, "client0_DRA_1_RLF_avg": 0.0150628627121317, "client0_DRA_1_R1F_avg": 0.015080254016479527, "client0_DRA_1_R2F_avg": 0.00011755716698655715, "client0_DRA_2_RLF_avg": 0.10660312969167293, "client0_DRA_2_R1F_avg": 0.11126685467041511, "client0_DRA_2_R2F_avg": 0.020455222243459144, "client0_DRA_3_RLF_avg": 0.26633766282297294, "client0_DRA_3_R1F_avg": 0.2727475932473166, "client0_DRA_3_R2F_avg": 0.11014661826561821, "client0_DRA_4_RLF_avg": 0.37791110060100674, "client0_DRA_4_R1F_avg": 0.38029627743854805, "client0_DRA_4_R2F_avg": 0.21013121986200678, "client0_DRA_5_RLF_avg": 0.4012375203905365, "client0_DRA_5_R1F_avg": 0.40320252011385016, "client0_DRA_5_R2F_avg": 0.23868719814568176, "client0_DRA_6_RLF_avg": 0.3873873545122237, "client0_DRA_6_R1F_avg": 0.38952880561503045, "client0_DRA_6_R2F_avg": 0.22796378044093188, "client0_DRA_7_RLF_avg": 0.37879773209669604, "client0_DRA_7_R1F_avg": 0.38076967996088557, "client0_DRA_7_R2F_avg": 0.22054550564152375, "client0_DRA_8_RLF_avg": 0.3656376105435357, "client0_DRA_8_R1F_avg": 0.36765681321226734, "client0_DRA_8_R2F_avg": 0.20930486233072387, "client0_DRA_9_RLF_avg": 0.346469907372657, "client0_DRA_9_R1F_avg": 0.3489219926053404, "client0_DRA_9_R2F_avg": 0.19268216637455413, "client0_DRA_10_RLF_avg": 0.32243121840058064, "client0_DRA_10_R1F_avg": 0.32491620862619663, "client0_DRA_10_R2F_avg": 0.17157599980747823, "client0_DRA_11_RLF_avg": 0.3062967713503733, "client0_DRA_11_R1F_avg": 0.30887562267262464, "client0_DRA_11_R2F_avg": 0.1584489242446399, "client0_DRA_12_RLF_avg": 0.285830416488475, "client0_DRA_12_R1F_avg": 0.2884124018061134, "client0_DRA_12_R2F_avg": 0.14246387584633055, "client0_DRA_13_RLF_avg": 0.26601567476523574, "client0_DRA_13_R1F_avg": 0.2687557934217505, "client0_DRA_13_R2F_avg": 0.1276323463502791, "client0_DRA_14_RLF_avg": 0.24021222234051415, "client0_DRA_14_R1F_avg": 0.2432198593214439, "client0_DRA_14_R2F_avg": 0.10859950678401507, "client0_DRA_15_RLF_avg": 0.2163174082482423, "client0_DRA_15_R1F_avg": 0.21982020048621884, "client0_DRA_15_R2F_avg": 0.09330366955030946, "client0_DRA_16_RLF_avg": 0.15611799141621885, "client0_DRA_16_R1F_avg": 0.1589007440045491, "client0_DRA_16_R2F_avg": 0.06117980853363368, "client0_DRA_17_RLF_avg": 0.10666022687313616, "client0_DRA_17_R1F_avg": 0.10985847517634593, "client0_DRA_17_R2F_avg": 0.036219043605952565, "client0_DRA_18_RLF_avg": 0.10529038544807633, "client0_DRA_18_R1F_avg": 0.10811227896370822, "client0_DRA_18_R2F_avg": 0.03455328475300342, "client0_DRA_19_RLF_avg": 0.09247042527246407, "client0_DRA_19_R1F_avg": 0.09544009677245452, "client0_DRA_19_R2F_avg": 0.027419234841728073, "client0_DRA_20_RLF_avg": 0.10429413551686072, "client0_DRA_20_R1F_avg": 0.1072938851425214, "client0_DRA_20_R2F_avg": 0.029758239917043208, "client0_DRA_21_RLF_avg": 0.09735598620193467, "client0_DRA_21_R1F_avg": 0.10021937005556666, "client0_DRA_21_R2F_avg": 0.025095818319865116, "client0_DRA_22_RLF_avg": 0.08194289086692906, "client0_DRA_22_R1F_avg": 0.08401443682277908, "client0_DRA_22_R2F_avg": 0.017312457014834397, "client0_DRA_23_RLF_avg": 0.07588412355950996, "client0_DRA_23_R1F_avg": 0.07804576075658878, "client0_DRA_23_R2F_avg": 0.014023038858148842, "client0_DRA_24_RLF_avg": 0.058997113282365135, "client0_DRA_24_R1F_avg": 0.06046405736674169, "client0_DRA_24_R2F_avg": 0.008274578536623825, "client0_DRA_25_RLF_avg": 0.06370868660947927, "client0_DRA_25_R1F_avg": 0.06521740470347788, "client0_DRA_25_R2F_avg": 0.008304967187979342, "client0_DRA_26_RLF_avg": 0.04682791483166542, "client0_DRA_26_R1F_avg": 0.04804481334573836, "client0_DRA_26_R2F_avg": 0.004534156225097043, "client0_DRA_27_RLF_avg": 0.04365275157195369, "client0_DRA_27_R1F_avg": 0.04486923200963211, "client0_DRA_27_R2F_avg": 0.003836330005774872, "client0_DRA_28_RLF_avg": 0.050315452495122516, "client0_DRA_28_R1F_avg": 0.05143175942690455, "client0_DRA_28_R2F_avg": 0.004023366645077875, "client0_DRA_29_RLF_avg": 0.028993634601724334, "client0_DRA_29_R1F_avg": 0.029579732160878856, "client0_DRA_29_R2F_avg": 0.0013230471521224589, "client0_DRA_30_RLF_avg": 0.03237865274782422, "client0_DRA_30_R1F_avg": 0.033767646553477255, "client0_DRA_30_R2F_avg": 0.0010499278074171446, "client0_DRA_31_RLF_avg": 0.016256393187618828, "client0_DRA_31_R1F_avg": 0.01664058303284038, "client0_DRA_31_R2F_avg": 4.2342852614036226e-05, "client0_attacker_tr2t_avg": 0.06283687593753602, "client0_attacker_tr2t_sampled": 0.05843984234900742, "client0_test-ppl": 26.179916381835938, "_wandb": {"runtime": 2623}}