{"global_step": 1199, "client0_global_round": 0, "client0_local_epoch": 0, "client0_local_step": 1199, "client0_step_loss": 0.003702202346175909, "client0_avg_loss": 0.0231406740124415, "client0_self": 0.00037663020795488105, "_timestamp": 1711087019.8683624, "_runtime": 418.53645944595337, "_step": 1199, "client0_attacker_b2tr_step": 0.36777493113942483, "client0_DRA_b2tr_rgLf_avg": 0.5521629416696023, "client0_DRA_b2tr_rgLf_sampled": 0.5479658454863136, "_wandb": {"runtime": 415}}