{"global_step": 999, "client0_global_round": 0, "client0_local_epoch": 0, "client0_local_step": 999, "client0_step_loss": 2.091644525527954, "client0_avg_loss": 2.1342112691402435, "client0_self": 0.0005164910385670354, "client0_DRA_0_step_RLF": 0.023809523574263046, "client0_DRA_1_step_RLF": 0.09574467878451792, "client0_DRA_2_step_RLF": 0.2600896822932294, "client0_DRA_3_step_RLF": 0.3295019110788157, "client0_DRA_4_step_RLF": 0.4256756707496348, "client0_DRA_5_step_RLF": 0.47368420556873275, "client0_DRA_6_step_RLF": 0.45307442868465986, "client0_DRA_7_step_RLF": 0.44025156733673515, "client0_DRA_8_step_RLF": 0.44871794373849444, "client0_DRA_9_step_RLF": 0.02285714188146943, "client0_DRA_10_step_RLF": 0.011560692865114158, "client0_DRA_11_step_RLF": 0.011560692865114158, "client0_DRA_12_step_RLF": 0.011560692865114158, "client0_DRA_13_step_RLF": 0.011560692865114158, "client0_DRA_14_step_RLF": 0.011627906303407286, "client0_DRA_15_step_RLF": 0.011560692865114158, "client0_DRA_16_step_RLF": 0.0, "client0_DRA_17_step_RLF": 0.0, "client0_DRA_18_step_RLF": 0.011764705422837389, "client0_DRA_19_step_RLF": 0.0, "client0_DRA_20_step_RLF": 0.0, "client0_DRA_21_step_RLF": 0.0, "client0_DRA_22_step_RLF": 0.0, "client0_DRA_23_step_RLF": 0.0, "client0_DRA_24_step_RLF": 0.0, "client0_DRA_25_step_RLF": 0.0, "client0_DRA_26_step_RLF": 0.008620685584127962, "client0_DRA_27_step_RLF": 0.023809519313429926, "client0_DRA_28_step_RLF": 0.03436425626764044, "client0_DRA_29_step_RLF": 0.029739772225923552, "client0_DRA_30_step_RLF": 0.061855665202348024, "client0_DRA_31_step_RLF": 0.041666661783372486, "_timestamp": 1711110389.2617507, "_runtime": 2768.6197657585144, "_step": 999, "client0_attacker_tr2t_step": 0.0, "client0_DRA_0_RLF_avg": 0.015554464239384766, "client0_DRA_0_R1F_avg": 0.015621829443830844, "client0_DRA_0_R2F_avg": 0.00041176831935265556, "client0_DRA_1_RLF_avg": 0.07283356694143658, "client0_DRA_1_R1F_avg": 0.07536023673517345, "client0_DRA_1_R2F_avg": 0.007800549477860407, "client0_DRA_2_RLF_avg": 0.2222237221042078, "client0_DRA_2_R1F_avg": 0.23020501994068035, "client0_DRA_2_R2F_avg": 0.08157111380800484, "client0_DRA_3_RLF_avg": 0.37879668677319195, "client0_DRA_3_R1F_avg": 0.38258121301193665, "client0_DRA_3_R2F_avg": 0.21055180023186826, "client0_DRA_4_RLF_avg": 0.473142355564428, "client0_DRA_4_R1F_avg": 0.4746203906903045, "client0_DRA_4_R2F_avg": 0.31469810440201923, "client0_DRA_5_RLF_avg": 0.4897480922014789, "client0_DRA_5_R1F_avg": 0.49108897444498106, "client0_DRA_5_R2F_avg": 0.34059044639226455, "client0_DRA_6_RLF_avg": 0.47621586443352165, "client0_DRA_6_R1F_avg": 0.4776920619085603, "client0_DRA_6_R2F_avg": 0.3274678153656514, "client0_DRA_7_RLF_avg": 0.4647599703279942, "client0_DRA_7_R1F_avg": 0.46615190080216395, "client0_DRA_7_R2F_avg": 0.31644462683719815, "client0_DRA_8_RLF_avg": 0.4441653441995489, "client0_DRA_8_R1F_avg": 0.4457365911164218, "client0_DRA_8_R2F_avg": 0.29666877623461047, "client0_DRA_9_RLF_avg": 0.3983506525785041, "client0_DRA_9_R1F_avg": 0.3999064358204318, "client0_DRA_9_R2F_avg": 0.2576535523520456, "client0_DRA_10_RLF_avg": 0.3177787104166873, "client0_DRA_10_R1F_avg": 0.3192570276070918, "client0_DRA_10_R2F_avg": 0.19543160561615827, "client0_DRA_11_RLF_avg": 0.22714437889122283, "client0_DRA_11_R1F_avg": 0.2284927902895387, "client0_DRA_11_R2F_avg": 0.12870622574507767, "client0_DRA_12_RLF_avg": 0.12639867398310625, "client0_DRA_12_R1F_avg": 0.12738944655206597, "client0_DRA_12_R2F_avg": 0.06223112002986258, "client0_DRA_13_RLF_avg": 0.11107089729432379, "client0_DRA_13_R1F_avg": 0.11199353582674539, "client0_DRA_13_R2F_avg": 0.051376500777950126, "client0_DRA_14_RLF_avg": 0.06928540190949543, "client0_DRA_14_R1F_avg": 0.07004230326721929, "client0_DRA_14_R2F_avg": 0.0290452892940165, "client0_DRA_15_RLF_avg": 0.05711039659345673, "client0_DRA_15_R1F_avg": 0.0576664135752268, "client0_DRA_15_R2F_avg": 0.021764320073302673, "client0_DRA_16_RLF_avg": 0.01528650538268835, "client0_DRA_16_R1F_avg": 0.015509491691344898, "client0_DRA_16_R2F_avg": 0.004399572977073755, "client0_DRA_17_RLF_avg": 0.008614401571667742, "client0_DRA_17_R1F_avg": 0.00865964079630805, "client0_DRA_17_R2F_avg": 0.001804028750431815, "client0_DRA_18_RLF_avg": 0.015592037982228983, "client0_DRA_18_R1F_avg": 0.015778283818003412, "client0_DRA_18_R2F_avg": 0.0037061162857320996, "client0_DRA_19_RLF_avg": 0.010676611017059892, "client0_DRA_19_R1F_avg": 0.010909429651606942, "client0_DRA_19_R2F_avg": 0.002366305035028558, "client0_DRA_20_RLF_avg": 0.02456950101836674, "client0_DRA_20_R1F_avg": 0.025192490540747733, "client0_DRA_20_R2F_avg": 0.005874600491887174, "client0_DRA_21_RLF_avg": 0.028942088981665347, "client0_DRA_21_R1F_avg": 0.02988111102493945, "client0_DRA_21_R2F_avg": 0.006594988541590951, "client0_DRA_22_RLF_avg": 0.03308841518434906, "client0_DRA_22_R1F_avg": 0.034195591739952076, "client0_DRA_22_R2F_avg": 0.006360321167351665, "client0_DRA_23_RLF_avg": 0.041450444400749464, "client0_DRA_23_R1F_avg": 0.04328777737100023, "client0_DRA_23_R2F_avg": 0.007420196227724713, "client0_DRA_24_RLF_avg": 0.03434432686346103, "client0_DRA_24_R1F_avg": 0.03581374695948655, "client0_DRA_24_R2F_avg": 0.005079389152616693, "client0_DRA_25_RLF_avg": 0.04175429218951777, "client0_DRA_25_R1F_avg": 0.043504155588932635, "client0_DRA_25_R2F_avg": 0.006019527411586113, "client0_DRA_26_RLF_avg": 0.03399777581678772, "client0_DRA_26_R1F_avg": 0.03557002261723935, "client0_DRA_26_R2F_avg": 0.004006441479727922, "client0_DRA_27_RLF_avg": 0.037457355960983804, "client0_DRA_27_R1F_avg": 0.039015507819614215, "client0_DRA_27_R2F_avg": 0.0038778377000626215, "client0_DRA_28_RLF_avg": 0.043749300472156735, "client0_DRA_28_R1F_avg": 0.04594419928562769, "client0_DRA_28_R2F_avg": 0.004130388638642448, "client0_DRA_29_RLF_avg": 0.023867992116442437, "client0_DRA_29_R1F_avg": 0.02501451872806071, "client0_DRA_29_R2F_avg": 0.0012052592427463226, "client0_DRA_30_RLF_avg": 0.043162503815528726, "client0_DRA_30_R1F_avg": 0.04630809826928219, "client0_DRA_30_R2F_avg": 0.0022995809247194935, "client0_DRA_31_RLF_avg": 0.035725776454053684, "client0_DRA_31_R1F_avg": 0.03846702154119831, "client0_DRA_31_R2F_avg": 0.0001521975470323894, "client0_attacker_tr2t_avg": 0.04225731478926869, "client0_attacker_tr2t_sampled": 0.04039703609448303, "client0_test-ppl": 26.179916381835938, "_wandb": {"runtime": 2762}}