{"global_step": 1199, "client0_global_round": 0, "client0_local_epoch": 0, "client0_local_step": 1199, "client0_step_loss": 1.1479823589324951, "client0_avg_loss": 0.39549718011791507, "client0_self": 0.0, "_timestamp": 1711052368.7702389, "_runtime": 199.2081229686737, "_step": 1199, "client0_attacker_b2tr_step": 0.8736385246122121, "client0_DRA_b2tr_rgLf_avg": 0.8568169514953968, "client0_DRA_b2tr_rgLf_sampled": 0.8553521169408164, "_wandb": {"runtime": 197}}