{"global_step": 898, "client0_global_round": 0, "client0_local_epoch": 0, "client0_local_step": 898, "client0_step_loss": 2.1458494663238525, "client0_avg_loss": 2.1707095465931205, "client0_self": 0.0004740256669066228, "_timestamp": 1711181563.5483341, "_runtime": 9903.079201221466, "_step": 898, "client0_attacker_tr2t_step": 0.0, "client0_attacker_b2tr_step": 0.7096774143600416, "client0_DRA_tr2t_rgLf_avg": 0.002630404016418922, "client0_DRA_b2tr_rgLf_avg": 0.606204653142087, "client0_DRA_tr2t_rgLf_sampled": 0.0, "client0_DRA_b2tr_rgLf_sampled": 0.6420127755430849, "client0_test-ppl": 43.27099609375}