{"global_step": 1199, "client0_global_round": 0, "client0_local_epoch": 0, "client0_local_step": 1199, "client0_step_loss": 1.1479823589324951, "client0_avg_loss": 0.39549718011791507, "client0_self": 0.0, "_timestamp": 1711049610.561817, "_runtime": 201.577810049057, "_step": 1199, "client0_attacker_b2tr_step": 0.9013173245878828, "client0_DRA_b2tr_rgLf_avg": 0.8812816477383457, "client0_DRA_b2tr_rgLf_sampled": 0.8829169680187354, "_wandb": {"runtime": 199}}