{"global_step": 999, "client0_global_round": 0, "client0_local_epoch": 0, "client0_local_step": 999, "client0_step_loss": 2.091644525527954, "client0_avg_loss": 2.1342112691402435, "client0_self": 0.0005164910385670354, "client0_DRA_0_step_RLF": 0.0, "client0_DRA_1_step_RLF": 0.1160714247337374, "client0_DRA_2_step_RLF": 0.27376425389929016, "client0_DRA_3_step_RLF": 0.39726026906642903, "client0_DRA_4_step_RLF": 0.5401929210678137, "client0_DRA_5_step_RLF": 0.5750798672228972, "client0_DRA_6_step_RLF": 0.548895894064823, "client0_DRA_7_step_RLF": 0.5203761705568932, "client0_DRA_8_step_RLF": 0.5124999950070313, "client0_DRA_9_step_RLF": 0.011627906303407286, "client0_DRA_10_step_RLF": 0.04624277378996961, "client0_DRA_11_step_RLF": 0.01149425199630077, "client0_DRA_12_step_RLF": 0.011363635291838944, "client0_DRA_13_step_RLF": 0.034482757743427156, "client0_DRA_14_step_RLF": 0.011428570452898043, "client0_DRA_15_step_RLF": 0.02259886889080411, "client0_DRA_16_step_RLF": 0.01149425199630077, "client0_DRA_17_step_RLF": 0.01149425199630077, "client0_DRA_18_step_RLF": 0.011363635291838944, "client0_DRA_19_step_RLF": 0.011173183010517937, "client0_DRA_20_step_RLF": 0.011049722236806168, "client0_DRA_21_step_RLF": 0.010526313582271931, "client0_DRA_22_step_RLF": 0.010050248489685365, "client0_DRA_23_step_RLF": 0.009523806211339022, "client0_DRA_24_step_RLF": 0.0, "client0_DRA_25_step_RLF": 0.0, "client0_DRA_26_step_RLF": 0.017621141444236158, "client0_DRA_27_step_RLF": 0.008583686889795468, "client0_DRA_28_step_RLF": 0.01626015821270526, "client0_DRA_29_step_RLF": 0.008163260936612085, "client0_DRA_30_step_RLF": 0.03484320069783604, "client0_DRA_31_step_RLF": 0.028880861623115917, "_timestamp": 1711101183.4974766, "_runtime": 2055.2406375408173, "_step": 999, "client0_attacker_tr2t_step": 0.0, "client0_DRA_0_RLF_avg": 0.010248452958275533, "client0_DRA_0_R1F_avg": 0.010281381347022337, "client0_DRA_0_R2F_avg": 0.0003887487994284153, "client0_DRA_1_RLF_avg": 0.13653306017121844, "client0_DRA_1_R1F_avg": 0.13782287301229662, "client0_DRA_1_R2F_avg": 0.03825747506643527, "client0_DRA_2_RLF_avg": 0.23588921476893318, "client0_DRA_2_R1F_avg": 0.23793577882601655, "client0_DRA_2_R2F_avg": 0.10643014332187382, "client0_DRA_3_RLF_avg": 0.28269462905879106, "client0_DRA_3_R1F_avg": 0.28374017767511095, "client0_DRA_3_R2F_avg": 0.17366217946532372, "client0_DRA_4_RLF_avg": 0.2031841683982713, "client0_DRA_4_R1F_avg": 0.20357193840183158, "client0_DRA_4_R2F_avg": 0.14731268782989668, "client0_DRA_5_RLF_avg": 0.24597650539197566, "client0_DRA_5_R1F_avg": 0.246442209369431, "client0_DRA_5_R2F_avg": 0.18363937859014023, "client0_DRA_6_RLF_avg": 0.2606098080585604, "client0_DRA_6_R1F_avg": 0.261154666922428, "client0_DRA_6_R2F_avg": 0.19247973622176273, "client0_DRA_7_RLF_avg": 0.2662918569841501, "client0_DRA_7_R1F_avg": 0.2669998447247991, "client0_DRA_7_R2F_avg": 0.1924956472493453, "client0_DRA_8_RLF_avg": 0.21474865934626675, "client0_DRA_8_R1F_avg": 0.21550126381242235, "client0_DRA_8_R2F_avg": 0.14988929586590252, "client0_DRA_9_RLF_avg": 0.10690533901228653, "client0_DRA_9_R1F_avg": 0.10740505020542866, "client0_DRA_9_R2F_avg": 0.06655156362502167, "client0_DRA_10_RLF_avg": 0.10665906165198809, "client0_DRA_10_R1F_avg": 0.10717198905097566, "client0_DRA_10_R2F_avg": 0.062308758948664035, "client0_DRA_11_RLF_avg": 0.04370360583700353, "client0_DRA_11_R1F_avg": 0.043948939694602465, "client0_DRA_11_R2F_avg": 0.02375682607245851, "client0_DRA_12_RLF_avg": 0.03841620687982319, "client0_DRA_12_R1F_avg": 0.03875331434790169, "client0_DRA_12_R2F_avg": 0.01833366778878027, "client0_DRA_13_RLF_avg": 0.03714850760127825, "client0_DRA_13_R1F_avg": 0.03753261710237359, "client0_DRA_13_R2F_avg": 0.016315262184606043, "client0_DRA_14_RLF_avg": 0.020867914004548523, "client0_DRA_14_R1F_avg": 0.021068891993147133, "client0_DRA_14_R2F_avg": 0.007850811771783603, "client0_DRA_15_RLF_avg": 0.015073724891361802, "client0_DRA_15_R1F_avg": 0.015157341665510613, "client0_DRA_15_R2F_avg": 0.005090612046552364, "client0_DRA_16_RLF_avg": 0.001445971262773396, "client0_DRA_16_R1F_avg": 0.0014563879294400626, "client0_DRA_16_R2F_avg": 0.00016458825900135708, "client0_DRA_17_RLF_avg": 0.0013104767770850839, "client0_DRA_17_R1F_avg": 0.0013211719642508592, "client0_DRA_17_R2F_avg": 0.0001561954008526411, "client0_DRA_18_RLF_avg": 0.003400876567867775, "client0_DRA_18_R1F_avg": 0.003456766357857692, "client0_DRA_18_R2F_avg": 0.0005299322381436718, "client0_DRA_19_RLF_avg": 0.008800789629904913, "client0_DRA_19_R1F_avg": 0.008850683965929076, "client0_DRA_19_R2F_avg": 0.0013031696206279293, "client0_DRA_20_RLF_avg": 0.008811522375344312, "client0_DRA_20_R1F_avg": 0.008891063605868854, "client0_DRA_20_R2F_avg": 0.0012540066996297801, "client0_DRA_21_RLF_avg": 0.011483358493250247, "client0_DRA_21_R1F_avg": 0.011657576667528289, "client0_DRA_21_R2F_avg": 0.0015511806352253958, "client0_DRA_22_RLF_avg": 0.010313294096335182, "client0_DRA_22_R1F_avg": 0.010517436542258136, "client0_DRA_22_R2F_avg": 0.001316342284118126, "client0_DRA_23_RLF_avg": 0.012352141385949181, "client0_DRA_23_R1F_avg": 0.012779419778142998, "client0_DRA_23_R2F_avg": 0.0015971184908941973, "client0_DRA_24_RLF_avg": 0.007782112848014621, "client0_DRA_24_R1F_avg": 0.007970755536373251, "client0_DRA_24_R2F_avg": 0.0006514361402293016, "client0_DRA_25_RLF_avg": 0.011551197765259692, "client0_DRA_25_R1F_avg": 0.011968574655740881, "client0_DRA_25_R2F_avg": 0.0010568887283135195, "client0_DRA_26_RLF_avg": 0.008458544677734775, "client0_DRA_26_R1F_avg": 0.00875701816867182, "client0_DRA_26_R2F_avg": 0.00046749130799107573, "client0_DRA_27_RLF_avg": 0.009296586990417213, "client0_DRA_27_R1F_avg": 0.009561276518357321, "client0_DRA_27_R2F_avg": 0.0004704991758709182, "client0_DRA_28_RLF_avg": 0.01137798838731811, "client0_DRA_28_R1F_avg": 0.011761092456722405, "client0_DRA_28_R2F_avg": 0.0005744146590114268, "client0_DRA_29_RLF_avg": 0.005363393837009469, "client0_DRA_29_R1F_avg": 0.005490542016562662, "client0_DRA_29_R2F_avg": 0.000166224252520502, "client0_DRA_30_RLF_avg": 0.01613153323186691, "client0_DRA_30_R1F_avg": 0.017279686472041433, "client0_DRA_30_R2F_avg": 0.0006339312649162461, "client0_DRA_31_RLF_avg": 0.021649856078236142, "client0_DRA_31_R1F_avg": 0.02322724100814124, "client0_DRA_31_R2F_avg": 4.959952044233047e-05, "client0_attacker_tr2t_avg": 0.011827462522648331, "client0_attacker_tr2t_sampled": 0.014495625369080778, "client0_test-ppl": 26.179916381835938, "_wandb": {"runtime": 2049}}