{"global_step": 1199, "client0_global_round": 0, "client0_local_epoch": 0, "client0_local_step": 1199, "client0_step_loss": 1.8190385103225708, "client0_avg_loss": 1.6558117115497588, "client0_self": 0.00011384521799642472, "_timestamp": 1711116787.087976, "_runtime": 531.873272895813, "_step": 1199, "client0_attacker_b2tr_step": 0.7368115892086247, "client0_DRA_b2tr_rgLf_avg": 0.8564316820578112, "client0_DRA_b2tr_rgLf_sampled": 0.8535569800541787, "_wandb": {"runtime": 528}}