{"global_step": 999, "client0_global_round": 0, "client0_local_epoch": 0, "client0_local_step": 999, "client0_step_loss": 1.7414172887802124, "client0_avg_loss": 1.8439169017076493, "client0_self": 0.00018109891434775482, "client0_DRA_0_step_RLF": 0.025806450868678485, "client0_DRA_1_step_RLF": 0.15763546407532344, "client0_DRA_2_step_RLF": 0.2660944159899796, "client0_DRA_3_step_RLF": 0.41353382965882757, "client0_DRA_4_step_RLF": 0.5073529362221563, "client0_DRA_5_step_RLF": 0.518248170220843, "client0_DRA_6_step_RLF": 0.0, "client0_DRA_7_step_RLF": 0.025641024783859333, "client0_DRA_8_step_RLF": 0.025806450868678485, "client0_DRA_9_step_RLF": 0.0, "client0_DRA_10_step_RLF": 0.0, "client0_DRA_11_step_RLF": 0.0, "client0_DRA_12_step_RLF": 0.0, "client0_DRA_13_step_RLF": 0.0, "client0_DRA_14_step_RLF": 0.0, "client0_DRA_15_step_RLF": 0.024999998719531312, "client0_DRA_16_step_RLF": 0.0, "client0_DRA_17_step_RLF": 0.0, "client0_DRA_18_step_RLF": 0.0, "client0_DRA_19_step_RLF": 0.0, "client0_DRA_20_step_RLF": 0.0, "client0_DRA_21_step_RLF": 0.011111108259877276, "client0_DRA_22_step_RLF": 0.0, "client0_DRA_23_step_RLF": 0.009569373897119489, "client0_DRA_24_step_RLF": 0.0, "client0_DRA_25_step_RLF": 0.0, "client0_DRA_26_step_RLF": 0.008695647610966476, "client0_DRA_27_step_RLF": 0.01709401246804128, "client0_DRA_28_step_RLF": 0.0, "client0_DRA_29_step_RLF": 0.0, "client0_DRA_30_step_RLF": 0.02877697344314562, "client0_DRA_31_step_RLF": 0.014336912585914035, "_timestamp": 1711099046.9860685, "_runtime": 2720.0306775569916, "_step": 999, "client0_attacker_tr2t_step": 0.0, "client0_DRA_0_RLF_avg": 0.023529103476775077, "client0_DRA_0_R1F_avg": 0.023637170410134706, "client0_DRA_0_R2F_avg": 0.0009099169974726485, "client0_DRA_1_RLF_avg": 0.1661312859058078, "client0_DRA_1_R1F_avg": 0.16766115413289168, "client0_DRA_1_R2F_avg": 0.0422880392928016, "client0_DRA_2_RLF_avg": 0.2854745072290631, "client0_DRA_2_R1F_avg": 0.2873847552442866, "client0_DRA_2_R2F_avg": 0.11933491415252523, "client0_DRA_3_RLF_avg": 0.369248972101439, "client0_DRA_3_R1F_avg": 0.3701955462366568, "client0_DRA_3_R2F_avg": 0.21115283174937266, "client0_DRA_4_RLF_avg": 0.3796842246213277, "client0_DRA_4_R1F_avg": 0.38044931743206345, "client0_DRA_4_R2F_avg": 0.24810919516058, "client0_DRA_5_RLF_avg": 0.31449057451937085, "client0_DRA_5_R1F_avg": 0.31509039136535466, "client0_DRA_5_R2F_avg": 0.2114158392938989, "client0_DRA_6_RLF_avg": 0.3895988285144757, "client0_DRA_6_R1F_avg": 0.3903647789376115, "client0_DRA_6_R2F_avg": 0.25878905957739173, "client0_DRA_7_RLF_avg": 0.34938586794203663, "client0_DRA_7_R1F_avg": 0.3502439609135329, "client0_DRA_7_R2F_avg": 0.2309767375129987, "client0_DRA_8_RLF_avg": 0.3434845845023952, "client0_DRA_8_R1F_avg": 0.3445774122622981, "client0_DRA_8_R2F_avg": 0.22035112607549054, "client0_DRA_9_RLF_avg": 0.21832083110743003, "client0_DRA_9_R1F_avg": 0.2193013190828957, "client0_DRA_9_R2F_avg": 0.12874786271112215, "client0_DRA_10_RLF_avg": 0.1794437972795017, "client0_DRA_10_R1F_avg": 0.18070519295884088, "client0_DRA_10_R2F_avg": 0.09739668144547417, "client0_DRA_11_RLF_avg": 0.13691105546108662, "client0_DRA_11_R1F_avg": 0.13777200068551598, "client0_DRA_11_R2F_avg": 0.07036414586206344, "client0_DRA_12_RLF_avg": 0.08294000343012806, "client0_DRA_12_R1F_avg": 0.08370398030218132, "client0_DRA_12_R2F_avg": 0.03737673177456928, "client0_DRA_13_RLF_avg": 0.10942796436223567, "client0_DRA_13_R1F_avg": 0.11048252715017881, "client0_DRA_13_R2F_avg": 0.04679086972043322, "client0_DRA_14_RLF_avg": 0.05590917939645597, "client0_DRA_14_R1F_avg": 0.05638466392496157, "client0_DRA_14_R2F_avg": 0.021160836453348427, "client0_DRA_15_RLF_avg": 0.05371969669320781, "client0_DRA_15_R1F_avg": 0.05433985489360832, "client0_DRA_15_R2F_avg": 0.018876663138018845, "client0_DRA_16_RLF_avg": 0.018040087599198344, "client0_DRA_16_R1F_avg": 0.018242086720037493, "client0_DRA_16_R2F_avg": 0.004936187832415974, "client0_DRA_17_RLF_avg": 0.00830932723865385, "client0_DRA_17_R1F_avg": 0.008419371186267214, "client0_DRA_17_R2F_avg": 0.0018369754764938902, "client0_DRA_18_RLF_avg": 0.012427253646914825, "client0_DRA_18_R1F_avg": 0.012621106364962309, "client0_DRA_18_R2F_avg": 0.0025796031818002196, "client0_DRA_19_RLF_avg": 0.01960574638232578, "client0_DRA_19_R1F_avg": 0.019819833187509447, "client0_DRA_19_R2F_avg": 0.00339579798879803, "client0_DRA_20_RLF_avg": 0.02002813423342383, "client0_DRA_20_R1F_avg": 0.02032895205942863, "client0_DRA_20_R2F_avg": 0.00320512508618828, "client0_DRA_21_RLF_avg": 0.020377857095966997, "client0_DRA_21_R1F_avg": 0.020689834218986333, "client0_DRA_21_R2F_avg": 0.0030622049060930944, "client0_DRA_22_RLF_avg": 0.01960055855328813, "client0_DRA_22_R1F_avg": 0.02006037164295367, "client0_DRA_22_R2F_avg": 0.002758007051728953, "client0_DRA_23_RLF_avg": 0.023201153522419277, "client0_DRA_23_R1F_avg": 0.024030215413681093, "client0_DRA_23_R2F_avg": 0.0032577040102495128, "client0_DRA_24_RLF_avg": 0.014924564415308254, "client0_DRA_24_R1F_avg": 0.015464174539403807, "client0_DRA_24_R2F_avg": 0.0015645279678940351, "client0_DRA_25_RLF_avg": 0.022106753350900808, "client0_DRA_25_R1F_avg": 0.02302335160080006, "client0_DRA_25_R2F_avg": 0.0019984795143179576, "client0_DRA_26_RLF_avg": 0.014762646180937106, "client0_DRA_26_R1F_avg": 0.015414767391699927, "client0_DRA_26_R2F_avg": 0.0008166375129042764, "client0_DRA_27_RLF_avg": 0.015180653121359345, "client0_DRA_27_R1F_avg": 0.015761768823151202, "client0_DRA_27_R2F_avg": 0.0007476500265785808, "client0_DRA_28_RLF_avg": 0.01567006505356356, "client0_DRA_28_R1F_avg": 0.016204827573089137, "client0_DRA_28_R2F_avg": 0.0006402948676711189, "client0_DRA_29_RLF_avg": 0.007947835767900185, "client0_DRA_29_R1F_avg": 0.008108946258317113, "client0_DRA_29_R2F_avg": 0.0002050558578214091, "client0_DRA_30_RLF_avg": 0.02008265791579677, "client0_DRA_30_R1F_avg": 0.021464922208927876, "client0_DRA_30_R2F_avg": 0.0006574693928879676, "client0_DRA_31_RLF_avg": 0.011202109257837605, "client0_DRA_31_R1F_avg": 0.011646715085978197, "client0_DRA_31_R2F_avg": 1.0815587757793066e-05, "client0_attacker_tr2t_avg": 0.02268771249618987, "client0_attacker_tr2t_sampled": 0.020095742603164945, "client0_test-ppl": 13.402877807617188, "_wandb": {"runtime": 2714}}