{"global_step": 1199, "client0_global_round": 0, "client0_local_epoch": 0, "client0_local_step": 1199, "client0_step_loss": 0.47037461400032043, "client0_avg_loss": 0.5823942843576272, "client0_self": 0.0, "_timestamp": 1711032930.9700603, "_runtime": 215.19284439086914, "_step": 1199, "client0_attacker_b2tr_step": 0.849906186370209, "client0_DRA_b2tr_rgLf_avg": 0.7465609247702698, "client0_DRA_b2tr_rgLf_sampled": 0.7630403335833512, "_wandb": {"runtime": 210}}