{"global_step": 1199, "client0_global_round": 0, "client0_local_epoch": 0, "client0_local_step": 1199, "client0_step_loss": 2.826171875, "client0_avg_loss": 3.2222412109375, "client0_self": 0.0, "_timestamp": 1711181138.8221302, "_runtime": 135.81119918823242, "_step": 1199, "client0_attacker_b2tr_step": 0.7476923027111007, "client0_DRA_b2tr_rgLf_avg": 0.9230785669770124, "client0_DRA_b2tr_rgLf_sampled": 0.9086871651436195, "_wandb": {"runtime": 134}}