{"global_step": 1199, "client0_global_round": 0, "client0_local_epoch": 0, "client0_local_step": 1199, "client0_step_loss": 1.7046576738357544, "client0_avg_loss": 2.086628166437149, "client0_self": 0.0003113359383520532, "_timestamp": 1711056084.987543, "_runtime": 174.36525416374207, "_step": 1199, "client0_attacker_b2tr_step": 0.9522222172222223, "client0_DRA_b2tr_rgLf_avg": 0.9356753275822036, "client0_DRA_b2tr_rgLf_sampled": 0.9247454434624599, "_wandb": {"runtime": 173}}