{"global_step": 1199, "client0_global_round": 0, "client0_local_epoch": 0, "client0_local_step": 1199, "client0_step_loss": 0.003702202346175909, "client0_avg_loss": 0.0231406740124415, "client0_self": 0.00037663020795488105, "_timestamp": 1711084495.5663214, "_runtime": 430.61721539497375, "_step": 1199, "client0_attacker_b2tr_step": 0.3288349027893841, "client0_DRA_b2tr_rgLf_avg": 0.5076579135716879, "client0_DRA_b2tr_rgLf_sampled": 0.48793122208451745, "_wandb": {"runtime": 424}}