{"global_step": 999, "client0_global_round": 0, "client0_local_epoch": 0, "client0_local_step": 999, "client0_step_loss": 1.5832195281982422, "client0_avg_loss": 1.895727551460266, "client0_self": 0.0003732711083601708, "client0_DRA_0_step_RLF": 0.011764705649826993, "client0_DRA_1_step_RLF": 0.0, "client0_DRA_2_step_RLF": 0.03370786410806719, "client0_DRA_3_step_RLF": 0.11764705591695508, "client0_DRA_4_step_RLF": 0.2681992291293434, "client0_DRA_5_step_RLF": 0.31205673277199336, "client0_DRA_6_step_RLF": 0.2836363588823802, "client0_DRA_7_step_RLF": 0.26855123192448405, "client0_DRA_8_step_RLF": 0.2887323895338227, "client0_DRA_9_step_RLF": 0.26855123192448405, "client0_DRA_10_step_RLF": 0.22456139866888286, "client0_DRA_11_step_RLF": 0.22145328232947412, "client0_DRA_12_step_RLF": 0.19148935688546867, "client0_DRA_13_step_RLF": 0.20735785460833786, "client0_DRA_14_step_RLF": 0.18571428091428585, "client0_DRA_15_step_RLF": 0.07860261617894415, "client0_DRA_16_step_RLF": 0.1521739082797733, "client0_DRA_17_step_RLF": 0.010050248626045484, "client0_DRA_18_step_RLF": 0.09774435624851625, "client0_DRA_19_step_RLF": 0.05490195628881236, "client0_DRA_20_step_RLF": 0.06792452366080487, "client0_DRA_21_step_RLF": 0.08955223412786836, "client0_DRA_22_step_RLF": 0.045112777301148085, "client0_DRA_23_step_RLF": 0.02264150479288098, "client0_DRA_24_step_RLF": 0.014760142889123383, "client0_DRA_25_step_RLF": 0.022471905446283004, "client0_DRA_26_step_RLF": 0.015503871425997363, "client0_DRA_27_step_RLF": 0.029962542150402612, "client0_DRA_28_step_RLF": 0.06593406120033846, "client0_DRA_29_step_RLF": 0.04651162336398097, "client0_DRA_30_step_RLF": 0.060606055977961794, "client0_DRA_31_step_RLF": 0.060377353849484165, "_timestamp": 1711080606.3145497, "_runtime": 1685.8694686889648, "_step": 999, "client0_attacker_tr2t_step": 0.022471905446283004, "client0_DRA_0_RLF_avg": 0.008511205523784014, "client0_DRA_0_R1F_avg": 0.00852151480213453, "client0_DRA_0_R2F_avg": 1.3378524873094218e-05, "client0_DRA_1_RLF_avg": 0.0009972955441574435, "client0_DRA_1_R1F_avg": 0.0009972955441574435, "client0_DRA_1_R2F_avg": 1.4036642472420999e-05, "client0_DRA_2_RLF_avg": 0.047275628796934796, "client0_DRA_2_R1F_avg": 0.048224023248569746, "client0_DRA_2_R2F_avg": 0.0032027355777344397, "client0_DRA_3_RLF_avg": 0.1556505068838744, "client0_DRA_3_R1F_avg": 0.16191584497176165, "client0_DRA_3_R2F_avg": 0.04357266788072492, "client0_DRA_4_RLF_avg": 0.29243635388210304, "client0_DRA_4_R1F_avg": 0.29547438365993933, "client0_DRA_4_R2F_avg": 0.12679108386700855, "client0_DRA_5_RLF_avg": 0.3264066022044534, "client0_DRA_5_R1F_avg": 0.3288028070547078, "client0_DRA_5_R2F_avg": 0.1619501951934056, "client0_DRA_6_RLF_avg": 0.31547634184299034, "client0_DRA_6_R1F_avg": 0.3176260620490826, "client0_DRA_6_R2F_avg": 0.1550980683877152, "client0_DRA_7_RLF_avg": 0.3121954084581729, "client0_DRA_7_R1F_avg": 0.3145104243772216, "client0_DRA_7_R2F_avg": 0.15400355062547125, "client0_DRA_8_RLF_avg": 0.2946846259369242, "client0_DRA_8_R1F_avg": 0.2969454976188186, "client0_DRA_8_R2F_avg": 0.14042093060843086, "client0_DRA_9_RLF_avg": 0.27924212002108734, "client0_DRA_9_R1F_avg": 0.28163482070589874, "client0_DRA_9_R2F_avg": 0.12956764833595052, "client0_DRA_10_RLF_avg": 0.2575070952565871, "client0_DRA_10_R1F_avg": 0.25969176497977436, "client0_DRA_10_R2F_avg": 0.11492432988028374, "client0_DRA_11_RLF_avg": 0.23514165824866073, "client0_DRA_11_R1F_avg": 0.23766701345837118, "client0_DRA_11_R2F_avg": 0.10036638129322281, "client0_DRA_12_RLF_avg": 0.2097268606120397, "client0_DRA_12_R1F_avg": 0.21269431708815228, "client0_DRA_12_R2F_avg": 0.0866113462641032, "client0_DRA_13_RLF_avg": 0.19790714371954643, "client0_DRA_13_R1F_avg": 0.20098394853109983, "client0_DRA_13_R2F_avg": 0.07938284158352385, "client0_DRA_14_RLF_avg": 0.16165223057884232, "client0_DRA_14_R1F_avg": 0.16403298498529348, "client0_DRA_14_R2F_avg": 0.061328024539866015, "client0_DRA_15_RLF_avg": 0.11442849648098354, "client0_DRA_15_R1F_avg": 0.11624994331281528, "client0_DRA_15_R2F_avg": 0.03851757312123238, "client0_DRA_16_RLF_avg": 0.07988666331054275, "client0_DRA_16_R1F_avg": 0.08148753629328088, "client0_DRA_16_R2F_avg": 0.02416633669057388, "client0_DRA_17_RLF_avg": 0.03695281152480768, "client0_DRA_17_R1F_avg": 0.03772087831861764, "client0_DRA_17_R2F_avg": 0.009436639800290277, "client0_DRA_18_RLF_avg": 0.05695934531770185, "client0_DRA_18_R1F_avg": 0.058337330646217725, "client0_DRA_18_R2F_avg": 0.014457815512304887, "client0_DRA_19_RLF_avg": 0.056808495842020724, "client0_DRA_19_R1F_avg": 0.05813342034942206, "client0_DRA_19_R2F_avg": 0.012529874379048863, "client0_DRA_20_RLF_avg": 0.05659749533000813, "client0_DRA_20_R1F_avg": 0.05806315371813608, "client0_DRA_20_R2F_avg": 0.011825030127087195, "client0_DRA_21_RLF_avg": 0.05534523099710428, "client0_DRA_21_R1F_avg": 0.05692467075356739, "client0_DRA_21_R2F_avg": 0.01035152625566827, "client0_DRA_22_RLF_avg": 0.04802611029043843, "client0_DRA_22_R1F_avg": 0.0493116290495829, "client0_DRA_22_R2F_avg": 0.007211027007656239, "client0_DRA_23_RLF_avg": 0.048138795897241786, "client0_DRA_23_R1F_avg": 0.04946399525144531, "client0_DRA_23_R2F_avg": 0.006846129958329105, "client0_DRA_24_RLF_avg": 0.03957157351506645, "client0_DRA_24_R1F_avg": 0.04077736288972672, "client0_DRA_24_R2F_avg": 0.004251616883878567, "client0_DRA_25_RLF_avg": 0.040240253424951716, "client0_DRA_25_R1F_avg": 0.041075332700386186, "client0_DRA_25_R2F_avg": 0.003918771174630929, "client0_DRA_26_RLF_avg": 0.03077186299085116, "client0_DRA_26_R1F_avg": 0.03151305758670065, "client0_DRA_26_R2F_avg": 0.0024177921071832135, "client0_DRA_27_RLF_avg": 0.03002523466592883, "client0_DRA_27_R1F_avg": 0.030698031483297188, "client0_DRA_27_R2F_avg": 0.0020125973465160998, "client0_DRA_28_RLF_avg": 0.03429996337194535, "client0_DRA_28_R1F_avg": 0.03495037995514882, "client0_DRA_28_R2F_avg": 0.002004122061708943, "client0_DRA_29_RLF_avg": 0.015964313832648735, "client0_DRA_29_R1F_avg": 0.016277871399525187, "client0_DRA_29_R2F_avg": 0.0005328795270452673, "client0_DRA_30_RLF_avg": 0.024270458908219942, "client0_DRA_30_R1F_avg": 0.02482730503520785, "client0_DRA_30_R2F_avg": 0.0006182374696606157, "client0_DRA_31_RLF_avg": 0.02396729776942594, "client0_DRA_31_R1F_avg": 0.024276426309212524, "client0_DRA_31_R2F_avg": 6.30130781343104e-05, "client0_attacker_tr2t_avg": 0.038704542035672765, "client0_attacker_tr2t_sampled": 0.03121138195974371, "client0_test-ppl": 20.106216430664062, "_wandb": {"runtime": 1681}}