{"global_step": 1199, "client0_global_round": 0, "client0_local_epoch": 0, "client0_local_step": 1199, "client0_step_loss": 0.003702202346175909, "client0_avg_loss": 0.0231406740124415, "client0_self": 0.00037663020795488105, "_timestamp": 1711081841.5852714, "_runtime": 419.33034324645996, "_step": 1199, "client0_attacker_b2tr_step": 0.5588405748736821, "client0_DRA_b2tr_rgLf_avg": 0.7572126187569017, "client0_DRA_b2tr_rgLf_sampled": 0.7435813590970861, "_wandb": {"runtime": 416}}