{"global_step": 1199, "client0_global_round": 0, "client0_local_epoch": 0, "client0_local_step": 1199, "client0_step_loss": 2.826171875, "client0_avg_loss": 3.2222412109375, "client0_self": 0.0, "_timestamp": 1711180538.8207967, "_runtime": 140.78551983833313, "_step": 1199, "client0_attacker_b2tr_step": 0.7876923027111007, "client0_DRA_b2tr_rgLf_avg": 0.9150185366836935, "client0_DRA_b2tr_rgLf_sampled": 0.8947050917856924, "_wandb": {"runtime": 137}}