{"global_step": 999, "client0_global_round": 0, "client0_local_epoch": 0, "client0_local_step": 999, "client0_step_loss": 2.091644525527954, "client0_avg_loss": 2.1342112691402435, "client0_self": 0.0005164910385670354, "client0_DRA_0_step_RLF": 0.03529411718754325, "client0_DRA_1_step_RLF": 0.24434388766405277, "client0_DRA_2_step_RLF": 0.46545454066935543, "client0_DRA_3_step_RLF": 0.5921052582003118, "client0_DRA_4_step_RLF": 0.6623794162446626, "client0_DRA_5_step_RLF": 0.6794871745077252, "client0_DRA_6_step_RLF": 0.6709265125903092, "client0_DRA_7_step_RLF": 0.6645569570381349, "client0_DRA_8_step_RLF": 0.6349206299351979, "client0_DRA_9_step_RLF": 0.6070287490120345, "client0_DRA_10_step_RLF": 0.043715845309206074, "client0_DRA_11_step_RLF": 0.03157894516121899, "client0_DRA_12_step_RLF": 0.02162161977852463, "client0_DRA_13_step_RLF": 0.02209944599371214, "client0_DRA_14_step_RLF": 0.021505374424789166, "client0_DRA_15_step_RLF": 0.022471908854942626, "client0_DRA_16_step_RLF": 0.022471908854942626, "client0_DRA_17_step_RLF": 0.021164019026343267, "client0_DRA_18_step_RLF": 0.02162161977852463, "client0_DRA_19_step_RLF": 0.0, "client0_DRA_20_step_RLF": 0.0, "client0_DRA_21_step_RLF": 0.0, "client0_DRA_22_step_RLF": 0.0, "client0_DRA_23_step_RLF": 0.0, "client0_DRA_24_step_RLF": 0.0, "client0_DRA_25_step_RLF": 0.0, "client0_DRA_26_step_RLF": 0.0, "client0_DRA_27_step_RLF": 0.0, "client0_DRA_28_step_RLF": 0.0, "client0_DRA_29_step_RLF": 0.0, "client0_DRA_30_step_RLF": 0.0, "client0_DRA_31_step_RLF": 0.0, "_timestamp": 1711078589.0160136, "_runtime": 1773.646375656128, "_step": 999, "client0_attacker_tr2t_step": 0.0, "client0_DRA_0_RLF_avg": 0.039140923204684826, "client0_DRA_0_R1F_avg": 0.03919536940520702, "client0_DRA_0_R2F_avg": 0.005007471394789106, "client0_DRA_1_RLF_avg": 0.25119002947890445, "client0_DRA_1_R1F_avg": 0.2611233533040805, "client0_DRA_1_R2F_avg": 0.08524572916403476, "client0_DRA_2_RLF_avg": 0.4802903053688608, "client0_DRA_2_R1F_avg": 0.49001261183582573, "client0_DRA_2_R2F_avg": 0.2869155602974694, "client0_DRA_3_RLF_avg": 0.6177626267426662, "client0_DRA_3_R1F_avg": 0.6238230315891914, "client0_DRA_3_R2F_avg": 0.4592270722213318, "client0_DRA_4_RLF_avg": 0.6784670351537322, "client0_DRA_4_R1F_avg": 0.6829662586765426, "client0_DRA_4_R2F_avg": 0.5471741011582792, "client0_DRA_5_RLF_avg": 0.6875526965700715, "client0_DRA_5_R1F_avg": 0.6908140114374706, "client0_DRA_5_R2F_avg": 0.5671696487098895, "client0_DRA_6_RLF_avg": 0.6747439097593244, "client0_DRA_6_R1F_avg": 0.6777293388215552, "client0_DRA_6_R2F_avg": 0.5530553182030943, "client0_DRA_7_RLF_avg": 0.592207704224498, "client0_DRA_7_R1F_avg": 0.5950787614230774, "client0_DRA_7_R2F_avg": 0.47378546566185736, "client0_DRA_8_RLF_avg": 0.5223394239837272, "client0_DRA_8_R1F_avg": 0.5248418950255034, "client0_DRA_8_R2F_avg": 0.40211881277791633, "client0_DRA_9_RLF_avg": 0.3493383449421949, "client0_DRA_9_R1F_avg": 0.35190339986185765, "client0_DRA_9_R2F_avg": 0.24077281356126748, "client0_DRA_10_RLF_avg": 0.24798498235809507, "client0_DRA_10_R1F_avg": 0.2498335594560038, "client0_DRA_10_R2F_avg": 0.15596455767556597, "client0_DRA_11_RLF_avg": 0.1653886889573891, "client0_DRA_11_R1F_avg": 0.16662838320019757, "client0_DRA_11_R2F_avg": 0.09238627774780966, "client0_DRA_12_RLF_avg": 0.11531016719615807, "client0_DRA_12_R1F_avg": 0.11615369197025274, "client0_DRA_12_R2F_avg": 0.057661767135087846, "client0_DRA_13_RLF_avg": 0.08039967612966967, "client0_DRA_13_R1F_avg": 0.08109697328032435, "client0_DRA_13_R2F_avg": 0.03576061787409344, "client0_DRA_14_RLF_avg": 0.049415311705323865, "client0_DRA_14_R1F_avg": 0.04984503478534255, "client0_DRA_14_R2F_avg": 0.01864416123421563, "client0_DRA_15_RLF_avg": 0.03428742721982662, "client0_DRA_15_R1F_avg": 0.034505861337599926, "client0_DRA_15_R2F_avg": 0.011188522635383865, "client0_DRA_16_RLF_avg": 0.01540990060262421, "client0_DRA_16_R1F_avg": 0.015482363982434232, "client0_DRA_16_R2F_avg": 0.0033208318777125045, "client0_DRA_17_RLF_avg": 0.010339589103183429, "client0_DRA_17_R1F_avg": 0.010370985311014014, "client0_DRA_17_R2F_avg": 0.0016892987702355946, "client0_DRA_18_RLF_avg": 0.010154614131430106, "client0_DRA_18_R1F_avg": 0.010187016072922958, "client0_DRA_18_R2F_avg": 0.0016147057391538151, "client0_DRA_19_RLF_avg": 0.005851275687417013, "client0_DRA_19_R1F_avg": 0.005866542862989532, "client0_DRA_19_R2F_avg": 0.0012051123862795818, "client0_DRA_20_RLF_avg": 0.0047313071345287255, "client0_DRA_20_R1F_avg": 0.004740079064353287, "client0_DRA_20_R2F_avg": 0.0008346930033542854, "client0_DRA_21_RLF_avg": 0.0036284585230691203, "client0_DRA_21_R1F_avg": 0.0036284585230691203, "client0_DRA_21_R2F_avg": 0.0005590282672439192, "client0_DRA_22_RLF_avg": 0.0025587220538821624, "client0_DRA_22_R1F_avg": 0.0025587220538821624, "client0_DRA_22_R2F_avg": 0.0002007480947548357, "client0_DRA_23_RLF_avg": 0.0023489956010896555, "client0_DRA_23_R1F_avg": 0.0023489956010896555, "client0_DRA_23_R2F_avg": 0.00021580268422467604, "client0_DRA_24_RLF_avg": 0.001284912699013249, "client0_DRA_24_R1F_avg": 0.001284912699013249, "client0_DRA_24_R2F_avg": 5.0103624721068934e-05, "client0_DRA_25_RLF_avg": 0.0007461246573506387, "client0_DRA_25_R1F_avg": 0.0007461246573506387, "client0_DRA_25_R2F_avg": 1.0782919852055222e-05, "client0_DRA_26_RLF_avg": 0.00032894806435072497, "client0_DRA_26_R1F_avg": 0.00032894806435072497, "client0_DRA_26_R2F_avg": 5.33333068174354e-06, "client0_DRA_27_RLF_avg": 0.00032562958663037944, "client0_DRA_27_R1F_avg": 0.00032562958663037944, "client0_DRA_27_R2F_avg": 5.277042082972195e-06, "client0_DRA_28_RLF_avg": 0.00023023196300083002, "client0_DRA_28_R1F_avg": 0.00023023196300083002, "client0_DRA_28_R2F_avg": 0.0, "client0_DRA_29_RLF_avg": 0.00012911806815717685, "client0_DRA_29_R1F_avg": 0.00012911806815717685, "client0_DRA_29_R2F_avg": 0.0, "client0_DRA_30_RLF_avg": 0.0007455671412017346, "client0_DRA_30_R1F_avg": 0.0007546169149573899, "client0_DRA_30_R2F_avg": 1.461062116820171e-05, "client0_DRA_31_RLF_avg": 0.0019308523493542832, "client0_DRA_31_R1F_avg": 0.0019741751954766773, "client0_DRA_31_R2F_avg": 8.064511383977818e-06, "client0_attacker_tr2t_avg": 0.0007846908765393382, "client0_attacker_tr2t_sampled": 0.0, "client0_test-ppl": 26.179916381835938, "_wandb": {"runtime": 1770}}