{"global_step": 1199, "client0_global_round": 0, "client0_local_epoch": 0, "client0_local_step": 1199, "client0_step_loss": 1.8190385103225708, "client0_avg_loss": 1.6558117115497588, "client0_self": 0.00011384521799642472, "_timestamp": 1711046069.5090137, "_runtime": 524.8066947460175, "_step": 1199, "client0_attacker_b2tr_step": 0.7622801648023072, "client0_DRA_b2tr_rgLf_avg": 0.8556735541814661, "client0_DRA_b2tr_rgLf_sampled": 0.8337557853060968, "_wandb": {"runtime": 520}}