{"global_step": 1199, "client0_global_round": 0, "client0_local_epoch": 0, "client0_local_step": 1199, "client0_step_loss": 0.47037461400032043, "client0_avg_loss": 0.5823942843576272, "client0_self": 0.0, "_timestamp": 1711031726.8681002, "_runtime": 212.73437309265137, "_step": 1199, "client0_attacker_b2tr_step": 0.8568118578361904, "client0_DRA_b2tr_rgLf_avg": 0.7535767012620013, "client0_DRA_b2tr_rgLf_sampled": 0.769612392196533, "_wandb": {"runtime": 203}}