{"global_step": 1199, "client0_global_round": 0, "client0_local_epoch": 0, "client0_local_step": 1199, "client0_step_loss": 1.8190385103225708, "client0_avg_loss": 1.6558117115497588, "client0_self": 0.00011384521799642472, "_timestamp": 1711115111.9754007, "_runtime": 518.7918336391449, "_step": 1199, "client0_attacker_b2tr_step": 0.7754010645211344, "client0_DRA_b2tr_rgLf_avg": 0.8633000900638981, "client0_DRA_b2tr_rgLf_sampled": 0.8369992157315668, "_wandb": {"runtime": 512}}