{"global_step": 49, "client0_global_round": 0, "client0_local_epoch": 0, "client0_local_step": 49, "client0_step_loss": 2.629786252975464, "client0_avg_loss": 2.881032772064209, "client0_self": 0.000495360780292923, "_timestamp": 1711171513.1057405, "_runtime": 145.88930463790894, "_step": 49}