{"global_step": 1199, "client0_global_round": 0, "client0_local_epoch": 0, "client0_local_step": 1199, "client0_step_loss": 1.8190385103225708, "client0_avg_loss": 1.6558117115497588, "client0_self": 0.00011384521799642472, "_timestamp": 1711103857.715276, "_runtime": 743.3476688861847, "_step": 1199, "client0_attacker_b2tr_step": 0.9425373084343929, "client0_DRA_b2tr_rgLf_avg": 0.9427183650165388, "client0_DRA_b2tr_rgLf_sampled": 0.9408862920333977, "_wandb": {"runtime": 740}}