{"global_step": 1199, "client0_global_round": 0, "client0_local_epoch": 0, "client0_local_step": 1199, "client0_step_loss": 1.1479823589324951, "client0_avg_loss": 0.39549718011791507, "client0_self": 0.0, "_timestamp": 1711050487.0848813, "_runtime": 204.48494839668274, "_step": 1199, "client0_attacker_b2tr_step": 0.8856319841564979, "client0_DRA_b2tr_rgLf_avg": 0.8725731890049956, "client0_DRA_b2tr_rgLf_sampled": 0.871912106500272, "_wandb": {"runtime": 203}}