{"global_step": 999, "client0_global_round": 0, "client0_local_epoch": 0, "client0_local_step": 999, "client0_step_loss": 1.5832195281982422, "client0_avg_loss": 1.895727551460266, "client0_self": 0.0003732711083601708, "client0_DRA_0_step_RLF": 0.023529411532179936, "client0_DRA_1_step_RLF": 0.09677419180020813, "client0_DRA_2_step_RLF": 0.21052631191135737, "client0_DRA_3_step_RLF": 0.33082706301543335, "client0_DRA_4_step_RLF": 0.405405400496713, "client0_DRA_5_step_RLF": 0.4755700276179058, "client0_DRA_6_step_RLF": 0.4501607667364895, "client0_DRA_7_step_RLF": 0.4416403735668581, "client0_DRA_8_step_RLF": 0.4458598676360096, "client0_DRA_9_step_RLF": 0.35877862135306804, "client0_DRA_10_step_RLF": 0.3015872971428572, "client0_DRA_11_step_RLF": 0.011428570660571478, "client0_DRA_12_step_RLF": 0.011428570660571478, "client0_DRA_13_step_RLF": 0.02222222097777785, "client0_DRA_14_step_RLF": 0.05405405238509866, "client0_DRA_15_step_RLF": 0.011235953995707712, "client0_DRA_16_step_RLF": 0.0, "client0_DRA_17_step_RLF": 0.0, "client0_DRA_18_step_RLF": 0.011428570660571478, "client0_DRA_19_step_RLF": 0.0, "client0_DRA_20_step_RLF": 0.0, "client0_DRA_21_step_RLF": 0.0, "client0_DRA_22_step_RLF": 0.0, "client0_DRA_23_step_RLF": 0.0, "client0_DRA_24_step_RLF": 0.009569374836657709, "client0_DRA_25_step_RLF": 0.0, "client0_DRA_26_step_RLF": 0.033195016523820724, "client0_DRA_27_step_RLF": 0.045977006907121615, "client0_DRA_28_step_RLF": 0.0606060556922767, "client0_DRA_29_step_RLF": 0.055555550694444865, "client0_DRA_30_step_RLF": 0.06872851745633647, "client0_DRA_31_step_RLF": 0.055363316931550575, "_timestamp": 1711104289.9901884, "_runtime": 2378.0505843162537, "_step": 999, "client0_attacker_tr2t_step": 0.0, "client0_DRA_0_RLF_avg": 0.014610319428594696, "client0_DRA_0_R1F_avg": 0.014634417552692822, "client0_DRA_0_R2F_avg": 0.00029584432514121497, "client0_DRA_1_RLF_avg": 0.07027464359171441, "client0_DRA_1_R1F_avg": 0.07247166890337534, "client0_DRA_1_R2F_avg": 0.007617351154683327, "client0_DRA_2_RLF_avg": 0.22140931103363193, "client0_DRA_2_R1F_avg": 0.2290036883074215, "client0_DRA_2_R2F_avg": 0.08252555348686223, "client0_DRA_3_RLF_avg": 0.3740655253520957, "client0_DRA_3_R1F_avg": 0.37736199389384445, "client0_DRA_3_R2F_avg": 0.20979707334086886, "client0_DRA_4_RLF_avg": 0.4630432616953643, "client0_DRA_4_R1F_avg": 0.4647439553502876, "client0_DRA_4_R2F_avg": 0.3087187565208009, "client0_DRA_5_RLF_avg": 0.47953574942486976, "client0_DRA_5_R1F_avg": 0.48071762586653494, "client0_DRA_5_R2F_avg": 0.33315667217294054, "client0_DRA_6_RLF_avg": 0.4657080824799681, "client0_DRA_6_R1F_avg": 0.46690081865975186, "client0_DRA_6_R2F_avg": 0.3197339740189399, "client0_DRA_7_RLF_avg": 0.45337381794836124, "client0_DRA_7_R1F_avg": 0.454765493364822, "client0_DRA_7_R2F_avg": 0.30925171913169813, "client0_DRA_8_RLF_avg": 0.4346514925881013, "client0_DRA_8_R1F_avg": 0.4360726357549583, "client0_DRA_8_R2F_avg": 0.29083162533388657, "client0_DRA_9_RLF_avg": 0.3905748030940181, "client0_DRA_9_R1F_avg": 0.3922393345251149, "client0_DRA_9_R2F_avg": 0.25221519349384824, "client0_DRA_10_RLF_avg": 0.3142877375651823, "client0_DRA_10_R1F_avg": 0.31570285166574036, "client0_DRA_10_R2F_avg": 0.19408272946705274, "client0_DRA_11_RLF_avg": 0.23281105091533358, "client0_DRA_11_R1F_avg": 0.2340114714801343, "client0_DRA_11_R2F_avg": 0.13424203245600363, "client0_DRA_12_RLF_avg": 0.14373420677221604, "client0_DRA_12_R1F_avg": 0.14487951479456, "client0_DRA_12_R2F_avg": 0.07358474713292168, "client0_DRA_13_RLF_avg": 0.12220694135757787, "client0_DRA_13_R1F_avg": 0.12324752704558498, "client0_DRA_13_R2F_avg": 0.05811787789531546, "client0_DRA_14_RLF_avg": 0.08378391628163792, "client0_DRA_14_R1F_avg": 0.0846113448673043, "client0_DRA_14_R2F_avg": 0.03683723001826423, "client0_DRA_15_RLF_avg": 0.06633226107459053, "client0_DRA_15_R1F_avg": 0.06710924739946617, "client0_DRA_15_R2F_avg": 0.02750257517492506, "client0_DRA_16_RLF_avg": 0.024419735099634465, "client0_DRA_16_R1F_avg": 0.024853069962984906, "client0_DRA_16_R2F_avg": 0.008318665779848416, "client0_DRA_17_RLF_avg": 0.01255462247486859, "client0_DRA_17_R1F_avg": 0.012696893976796558, "client0_DRA_17_R2F_avg": 0.0034324540896429143, "client0_DRA_18_RLF_avg": 0.022063220960385307, "client0_DRA_18_R1F_avg": 0.02247034633354448, "client0_DRA_18_R2F_avg": 0.00592988502601753, "client0_DRA_19_RLF_avg": 0.017376391987602234, "client0_DRA_19_R1F_avg": 0.01774274014262562, "client0_DRA_19_R2F_avg": 0.00451086535421433, "client0_DRA_20_RLF_avg": 0.03154312353419629, "client0_DRA_20_R1F_avg": 0.03287170820165668, "client0_DRA_20_R2F_avg": 0.008472226966871162, "client0_DRA_21_RLF_avg": 0.038418859773011904, "client0_DRA_21_R1F_avg": 0.04014895971107216, "client0_DRA_21_R2F_avg": 0.00970837825219396, "client0_DRA_22_RLF_avg": 0.03841895175069432, "client0_DRA_22_R1F_avg": 0.039970305443049886, "client0_DRA_22_R2F_avg": 0.008231336078031394, "client0_DRA_23_RLF_avg": 0.04719532086658993, "client0_DRA_23_R1F_avg": 0.04956810864145675, "client0_DRA_23_R2F_avg": 0.009539238807596459, "client0_DRA_24_RLF_avg": 0.04048829217937088, "client0_DRA_24_R1F_avg": 0.04282628989674799, "client0_DRA_24_R2F_avg": 0.006502741249024342, "client0_DRA_25_RLF_avg": 0.04538204453445088, "client0_DRA_25_R1F_avg": 0.04784881899099993, "client0_DRA_25_R2F_avg": 0.007105038809147867, "client0_DRA_26_RLF_avg": 0.035373311389485976, "client0_DRA_26_R1F_avg": 0.037424877362452647, "client0_DRA_26_R2F_avg": 0.004346360168761554, "client0_DRA_27_RLF_avg": 0.039049148109723285, "client0_DRA_27_R1F_avg": 0.041476959309159324, "client0_DRA_27_R2F_avg": 0.004006743708518631, "client0_DRA_28_RLF_avg": 0.04621041617686729, "client0_DRA_28_R1F_avg": 0.049301047570756956, "client0_DRA_28_R2F_avg": 0.004586286911580278, "client0_DRA_29_RLF_avg": 0.027011126100902064, "client0_DRA_29_R1F_avg": 0.02887245887650286, "client0_DRA_29_R2F_avg": 0.0016804223354092115, "client0_DRA_30_RLF_avg": 0.0431572450415723, "client0_DRA_30_R1F_avg": 0.04751807047132614, "client0_DRA_30_R2F_avg": 0.00223238017060775, "client0_DRA_31_RLF_avg": 0.035698033923777274, "client0_DRA_31_R1F_avg": 0.03893621336064718, "client0_DRA_31_R2F_avg": 0.00012623953448561364, "client0_attacker_tr2t_avg": 0.04617868084688272, "client0_attacker_tr2t_sampled": 0.03577111831895555, "client0_test-ppl": 20.106216430664062, "_wandb": {"runtime": 2373}}