{"global_step": 1199, "client0_global_round": 0, "client0_local_epoch": 0, "client0_local_step": 1199, "client0_step_loss": 1.8190385103225708, "client0_avg_loss": 1.6558117115497588, "client0_self": 0.00011384521799642472, "_timestamp": 1711111664.5153866, "_runtime": 515.8329555988312, "_step": 1199, "client0_attacker_b2tr_step": 0.8164705832384568, "client0_DRA_b2tr_rgLf_avg": 0.911313679277798, "client0_DRA_b2tr_rgLf_sampled": 0.9064912654912209, "_wandb": {"runtime": 512}}