{"global_step": 1199, "client0_global_round": 0, "client0_local_epoch": 0, "client0_local_step": 1199, "client0_step_loss": 0.003702202346175909, "client0_avg_loss": 0.0231406740124415, "client0_self": 0.00037663020795488105, "_timestamp": 1711083544.7102406, "_runtime": 421.81220960617065, "_step": 1199, "client0_attacker_b2tr_step": 0.31356837129603377, "client0_DRA_b2tr_rgLf_avg": 0.5222218546124731, "client0_DRA_b2tr_rgLf_sampled": 0.510462640718842, "_wandb": {"runtime": 417}}