{"global_step": 947, "client0_global_round": 0, "client0_local_epoch": 0, "client0_local_step": 947, "client0_step_loss": 2.3604626655578613, "client0_avg_loss": 2.147725289923021, "client0_self": 0.0003379271986609014, "_timestamp": 1711022155.3245757, "_runtime": 135.9905207157135, "_step": 947, "client0_attacker_b2tr_step": 0.999999995, "client0_DRA_b2tr_rgLf_avg": 0.9477950124852178, "client0_DRA_b2tr_rgLf_sampled": 0.9423379435893763, "_wandb": {"runtime": 134}}