{"global_step": 999, "client0_global_round": 0, "client0_local_epoch": 0, "client0_local_step": 999, "client0_step_loss": 1.7414172887802124, "client0_avg_loss": 1.8439169017076493, "client0_self": 0.00018109891434775482, "client0_DRA_0_step_RLF": 0.026490065963773523, "client0_DRA_1_step_RLF": 0.08383233340600242, "client0_DRA_2_step_RLF": 0.1773398975728604, "client0_DRA_3_step_RLF": 0.34453781044382464, "client0_DRA_4_step_RLF": 0.40769230279911245, "client0_DRA_5_step_RLF": 0.44927535735060914, "client0_DRA_6_step_RLF": 0.4275362269158265, "client0_DRA_7_step_RLF": 0.4444444394676328, "client0_DRA_8_step_RLF": 0.4210526265893506, "client0_DRA_9_step_RLF": 0.440559435568243, "client0_DRA_10_step_RLF": 0.4398625379582197, "client0_DRA_11_step_RLF": 0.3877550970417419, "client0_DRA_12_step_RLF": 0.14814814481117558, "client0_DRA_13_step_RLF": 0.2559999951843201, "client0_DRA_14_step_RLF": 0.10404624038491102, "client0_DRA_15_step_RLF": 0.1052631556526795, "client0_DRA_16_step_RLF": 0.0, "client0_DRA_17_step_RLF": 0.0, "client0_DRA_18_step_RLF": 0.0, "client0_DRA_19_step_RLF": 0.0, "client0_DRA_20_step_RLF": 0.0, "client0_DRA_21_step_RLF": 0.032967029998188895, "client0_DRA_22_step_RLF": 0.0326086925714795, "client0_DRA_23_step_RLF": 0.02030456484217645, "client0_DRA_24_step_RLF": 0.010204077986777645, "client0_DRA_25_step_RLF": 0.06140350424322901, "client0_DRA_26_step_RLF": 0.0168067180068511, "client0_DRA_27_step_RLF": 0.016326525846232127, "client0_DRA_28_step_RLF": 0.03703703209080999, "client0_DRA_29_step_RLF": 0.023529406906882967, "client0_DRA_30_step_RLF": 0.04982205907524018, "client0_DRA_31_step_RLF": 0.01544401055738739, "_timestamp": 1711107537.8718436, "_runtime": 2748.6186084747314, "_step": 999, "client0_attacker_tr2t_step": 0.06140350424322901, "client0_DRA_0_RLF_avg": 0.014717394567272774, "client0_DRA_0_R1F_avg": 0.014717394567272774, "client0_DRA_0_R2F_avg": 0.00019714373668482574, "client0_DRA_1_RLF_avg": 0.06560816903442697, "client0_DRA_1_R1F_avg": 0.06743254212811474, "client0_DRA_1_R2F_avg": 0.005047044754385264, "client0_DRA_2_RLF_avg": 0.22142971378075116, "client0_DRA_2_R1F_avg": 0.22819262720751365, "client0_DRA_2_R2F_avg": 0.07210166429463363, "client0_DRA_3_RLF_avg": 0.384331614200089, "client0_DRA_3_R1F_avg": 0.3865901079192119, "client0_DRA_3_R2F_avg": 0.19132190860493592, "client0_DRA_4_RLF_avg": 0.4589991754316616, "client0_DRA_4_R1F_avg": 0.4603811230417349, "client0_DRA_4_R2F_avg": 0.27361394375596637, "client0_DRA_5_RLF_avg": 0.47088868688520136, "client0_DRA_5_R1F_avg": 0.47196813937017645, "client0_DRA_5_R2F_avg": 0.29368196667255697, "client0_DRA_6_RLF_avg": 0.4603410888622317, "client0_DRA_6_R1F_avg": 0.4616452044075502, "client0_DRA_6_R2F_avg": 0.2846790866266626, "client0_DRA_7_RLF_avg": 0.45133801293050874, "client0_DRA_7_R1F_avg": 0.45272613679077506, "client0_DRA_7_R2F_avg": 0.2802484665012029, "client0_DRA_8_RLF_avg": 0.4373628582549286, "client0_DRA_8_R1F_avg": 0.4388128071613464, "client0_DRA_8_R2F_avg": 0.26879437600576656, "client0_DRA_9_RLF_avg": 0.4149082027153445, "client0_DRA_9_R1F_avg": 0.4166025437141751, "client0_DRA_9_R2F_avg": 0.24913674591359, "client0_DRA_10_RLF_avg": 0.3701150373249072, "client0_DRA_10_R1F_avg": 0.37155309522870245, "client0_DRA_10_R2F_avg": 0.2137656502245829, "client0_DRA_11_RLF_avg": 0.30251503538515206, "client0_DRA_11_R1F_avg": 0.30419062045292194, "client0_DRA_11_R2F_avg": 0.16646969047953514, "client0_DRA_12_RLF_avg": 0.18743284644409125, "client0_DRA_12_R1F_avg": 0.1887497337924417, "client0_DRA_12_R2F_avg": 0.08938210927615088, "client0_DRA_13_RLF_avg": 0.17034862525680297, "client0_DRA_13_R1F_avg": 0.17172679191303336, "client0_DRA_13_R2F_avg": 0.07698278478125825, "client0_DRA_14_RLF_avg": 0.0945259197086051, "client0_DRA_14_R1F_avg": 0.0955394428747656, "client0_DRA_14_R2F_avg": 0.03526250709852854, "client0_DRA_15_RLF_avg": 0.07905332689023079, "client0_DRA_15_R1F_avg": 0.08018185958743093, "client0_DRA_15_R2F_avg": 0.026573552321347053, "client0_DRA_16_RLF_avg": 0.0196655969491664, "client0_DRA_16_R1F_avg": 0.019919367079547938, "client0_DRA_16_R2F_avg": 0.005148952338242248, "client0_DRA_17_RLF_avg": 0.009088168204876007, "client0_DRA_17_R1F_avg": 0.009226823804847394, "client0_DRA_17_R2F_avg": 0.0016187814378954277, "client0_DRA_18_RLF_avg": 0.01582816945217295, "client0_DRA_18_R1F_avg": 0.016018994922753212, "client0_DRA_18_R2F_avg": 0.0037846841865277724, "client0_DRA_19_RLF_avg": 0.016690984286596922, "client0_DRA_19_R1F_avg": 0.016877845318784643, "client0_DRA_19_R2F_avg": 0.00343555909866729, "client0_DRA_20_RLF_avg": 0.03697479351002902, "client0_DRA_20_R1F_avg": 0.037970757161831355, "client0_DRA_20_R2F_avg": 0.007980890417006978, "client0_DRA_21_RLF_avg": 0.044665705727866975, "client0_DRA_21_R1F_avg": 0.04622115807915251, "client0_DRA_21_R2F_avg": 0.008576320638174628, "client0_DRA_22_RLF_avg": 0.04764152499565387, "client0_DRA_22_R1F_avg": 0.04992063876699156, "client0_DRA_22_R2F_avg": 0.008391920360520022, "client0_DRA_23_RLF_avg": 0.060187133468635384, "client0_DRA_23_R1F_avg": 0.06325764235395777, "client0_DRA_23_R2F_avg": 0.010550118516510519, "client0_DRA_24_RLF_avg": 0.04856464230151804, "client0_DRA_24_R1F_avg": 0.05101413278563272, "client0_DRA_24_R2F_avg": 0.0067599694551253664, "client0_DRA_25_RLF_avg": 0.05796910594822916, "client0_DRA_25_R1F_avg": 0.06132286407878288, "client0_DRA_25_R2F_avg": 0.007946000106756933, "client0_DRA_26_RLF_avg": 0.04407943429220764, "client0_DRA_26_R1F_avg": 0.04665417374514308, "client0_DRA_26_R2F_avg": 0.004696010296315219, "client0_DRA_27_RLF_avg": 0.040672143882304536, "client0_DRA_27_R1F_avg": 0.042954026622865855, "client0_DRA_27_R2F_avg": 0.0037943882005359135, "client0_DRA_28_RLF_avg": 0.04585311495879297, "client0_DRA_28_R1F_avg": 0.048726149663021676, "client0_DRA_28_R2F_avg": 0.0040164059922138525, "client0_DRA_29_RLF_avg": 0.0286880099850527, "client0_DRA_29_R1F_avg": 0.030356341412778, "client0_DRA_29_R2F_avg": 0.0013754640275037361, "client0_DRA_30_RLF_avg": 0.04786808080459765, "client0_DRA_30_R1F_avg": 0.052291259628521616, "client0_DRA_30_R2F_avg": 0.0025867519755428336, "client0_DRA_31_RLF_avg": 0.02447311057554233, "client0_DRA_31_R1F_avg": 0.025769712741869448, "client0_DRA_31_R2F_avg": 9.110634690612257e-05, "client0_attacker_tr2t_avg": 0.058151080272856676, "client0_attacker_tr2t_sampled": 0.06103343039800725, "client0_test-ppl": 13.402877807617188, "_wandb": {"runtime": 2746}}