{"global_step": 999, "client0_global_round": 0, "client0_local_epoch": 0, "client0_local_step": 999, "client0_step_loss": 2.091644525527954, "client0_avg_loss": 2.1342112691402435, "client0_self": 0.0005164910385670354, "client0_DRA_0_step_RLF": 0.011976047785148268, "client0_DRA_1_step_RLF": 0.0, "client0_DRA_2_step_RLF": 0.02312138650673263, "client0_DRA_3_step_RLF": 0.1287128683580042, "client0_DRA_4_step_RLF": 0.2980392111421761, "client0_DRA_5_step_RLF": 0.3127272679420827, "client0_DRA_6_step_RLF": 0.32867132380067493, "client0_DRA_7_step_RLF": 0.3356643307936819, "client0_DRA_8_step_RLF": 0.32525951068162506, "client0_DRA_9_step_RLF": 0.26712328276505914, "client0_DRA_10_step_RLF": 0.24561403022369968, "client0_DRA_11_step_RLF": 0.2176870699134621, "client0_DRA_12_step_RLF": 0.1942445995052017, "client0_DRA_13_step_RLF": 0.21985815118555413, "client0_DRA_14_step_RLF": 0.1642857094581634, "client0_DRA_15_step_RLF": 0.04739336157319043, "client0_DRA_16_step_RLF": 0.10038609578330696, "client0_DRA_17_step_RLF": 0.03669724407373153, "client0_DRA_18_step_RLF": 0.06425702366800566, "client0_DRA_19_step_RLF": 0.07031249544067412, "client0_DRA_20_step_RLF": 0.030769226152663417, "client0_DRA_21_step_RLF": 0.03787878321051481, "client0_DRA_22_step_RLF": 0.05622489515394948, "client0_DRA_23_step_RLF": 0.015748026967575237, "client0_DRA_24_step_RLF": 0.022988501117130744, "client0_DRA_25_step_RLF": 0.022988501117130744, "client0_DRA_26_step_RLF": 0.015936250500786963, "client0_DRA_27_step_RLF": 0.015999995537921245, "client0_DRA_28_step_RLF": 0.03787878321051481, "client0_DRA_29_step_RLF": 0.0, "client0_DRA_30_step_RLF": 0.031128400095081603, "client0_DRA_31_step_RLF": 0.038610034007245525, "_timestamp": 1711085689.9415004, "_runtime": 2460.2279105186462, "_step": 999, "client0_attacker_tr2t_step": 0.022988501117130744, "client0_DRA_0_RLF_avg": 0.0055453883119827565, "client0_DRA_0_R1F_avg": 0.0055453883119827565, "client0_DRA_0_R2F_avg": 3.632519723441618e-05, "client0_DRA_1_RLF_avg": 0.0009509695380125213, "client0_DRA_1_R1F_avg": 0.0009509695380125213, "client0_DRA_1_R2F_avg": 7.092198301896296e-06, "client0_DRA_2_RLF_avg": 0.045199548425905414, "client0_DRA_2_R1F_avg": 0.04629032898344202, "client0_DRA_2_R2F_avg": 0.0026888302682349556, "client0_DRA_3_RLF_avg": 0.1580291342995651, "client0_DRA_3_R1F_avg": 0.1651593091748301, "client0_DRA_3_R2F_avg": 0.043833563080065925, "client0_DRA_4_RLF_avg": 0.30427193826127075, "client0_DRA_4_R1F_avg": 0.3073929104551315, "client0_DRA_4_R2F_avg": 0.13103219757527568, "client0_DRA_5_RLF_avg": 0.3412721811870735, "client0_DRA_5_R1F_avg": 0.3436928451389959, "client0_DRA_5_R2F_avg": 0.16974045841288946, "client0_DRA_6_RLF_avg": 0.33100135587350143, "client0_DRA_6_R1F_avg": 0.3333704602594696, "client0_DRA_6_R2F_avg": 0.1628570219209309, "client0_DRA_7_RLF_avg": 0.32617701107549774, "client0_DRA_7_R1F_avg": 0.3285812192861573, "client0_DRA_7_R2F_avg": 0.16087327629075251, "client0_DRA_8_RLF_avg": 0.3104101652534952, "client0_DRA_8_R1F_avg": 0.3126886928628613, "client0_DRA_8_R2F_avg": 0.14819000293257217, "client0_DRA_9_RLF_avg": 0.2943708662103817, "client0_DRA_9_R1F_avg": 0.29685418604682967, "client0_DRA_9_R2F_avg": 0.13722906524614267, "client0_DRA_10_RLF_avg": 0.27045298308528143, "client0_DRA_10_R1F_avg": 0.27290191659086677, "client0_DRA_10_R2F_avg": 0.11998618715933881, "client0_DRA_11_RLF_avg": 0.2441098432280797, "client0_DRA_11_R1F_avg": 0.24662871594683475, "client0_DRA_11_R2F_avg": 0.10532905543129752, "client0_DRA_12_RLF_avg": 0.1988545593196546, "client0_DRA_12_R1F_avg": 0.20144079379937713, "client0_DRA_12_R2F_avg": 0.08112094260632714, "client0_DRA_13_RLF_avg": 0.18125792644574082, "client0_DRA_13_R1F_avg": 0.1839436237258189, "client0_DRA_13_R2F_avg": 0.07211748603062844, "client0_DRA_14_RLF_avg": 0.13740511373347897, "client0_DRA_14_R1F_avg": 0.13943196152007284, "client0_DRA_14_R2F_avg": 0.0507719065523752, "client0_DRA_15_RLF_avg": 0.09549946207581886, "client0_DRA_15_R1F_avg": 0.09680912439207985, "client0_DRA_15_R2F_avg": 0.0316542828060352, "client0_DRA_16_RLF_avg": 0.05189536493110661, "client0_DRA_16_R1F_avg": 0.05291161868309874, "client0_DRA_16_R2F_avg": 0.014276399231844759, "client0_DRA_17_RLF_avg": 0.021995890552187466, "client0_DRA_17_R1F_avg": 0.022438212651376296, "client0_DRA_17_R2F_avg": 0.004950978316567516, "client0_DRA_18_RLF_avg": 0.03881707713537192, "client0_DRA_18_R1F_avg": 0.03967806089948786, "client0_DRA_18_R2F_avg": 0.008780187799110222, "client0_DRA_19_RLF_avg": 0.03759950124614354, "client0_DRA_19_R1F_avg": 0.0384104836551758, "client0_DRA_19_R2F_avg": 0.0078094710346807775, "client0_DRA_20_RLF_avg": 0.04405312087068263, "client0_DRA_20_R1F_avg": 0.04524721445527311, "client0_DRA_20_R2F_avg": 0.008866708941787392, "client0_DRA_21_RLF_avg": 0.043887864156992834, "client0_DRA_21_R1F_avg": 0.04495824118551937, "client0_DRA_21_R2F_avg": 0.007956067040617213, "client0_DRA_22_RLF_avg": 0.041487620762709926, "client0_DRA_22_R1F_avg": 0.042564507953744536, "client0_DRA_22_R2F_avg": 0.006244403878795419, "client0_DRA_23_RLF_avg": 0.04313034300093, "client0_DRA_23_R1F_avg": 0.044109789600421064, "client0_DRA_23_R2F_avg": 0.005920102266909238, "client0_DRA_24_RLF_avg": 0.03489295284503852, "client0_DRA_24_R1F_avg": 0.03553862560941826, "client0_DRA_24_R2F_avg": 0.003514576811287517, "client0_DRA_25_RLF_avg": 0.03680182281545065, "client0_DRA_25_R1F_avg": 0.03750149741225455, "client0_DRA_25_R2F_avg": 0.0033354169882612453, "client0_DRA_26_RLF_avg": 0.027916733864672347, "client0_DRA_26_R1F_avg": 0.028419750050358843, "client0_DRA_26_R2F_avg": 0.0020648329515284905, "client0_DRA_27_RLF_avg": 0.026994804410955652, "client0_DRA_27_R1F_avg": 0.027523235547762304, "client0_DRA_27_R2F_avg": 0.001800244816339341, "client0_DRA_28_RLF_avg": 0.030622871428358588, "client0_DRA_28_R1F_avg": 0.031134340712378198, "client0_DRA_28_R2F_avg": 0.001635074185606631, "client0_DRA_29_RLF_avg": 0.013271114530078513, "client0_DRA_29_R1F_avg": 0.013534917043236568, "client0_DRA_29_R2F_avg": 0.00035793576557962864, "client0_DRA_30_RLF_avg": 0.021173546118353623, "client0_DRA_30_R1F_avg": 0.02148236932094449, "client0_DRA_30_R2F_avg": 0.0005167347075879809, "client0_DRA_31_RLF_avg": 0.01781000774997143, "client0_DRA_31_R1F_avg": 0.018013575500955625, "client0_DRA_31_R2F_avg": 6.688958508744818e-06, "client0_attacker_tr2t_avg": 0.035296929393168135, "client0_attacker_tr2t_sampled": 0.03518850752419538, "client0_test-ppl": 26.179916381835938, "_wandb": {"runtime": 2458}}