{"global_step": 1199, "client0_global_round": 0, "client0_local_epoch": 0, "client0_local_step": 1199, "client0_step_loss": 1.8190385103225708, "client0_avg_loss": 1.6558117115497588, "client0_self": 0.00011384521799642472, "_timestamp": 1711047891.6784558, "_runtime": 538.9036638736725, "_step": 1199, "client0_attacker_b2tr_step": 0.6743566942061456, "client0_DRA_b2tr_rgLf_avg": 0.8441501733539041, "client0_DRA_b2tr_rgLf_sampled": 0.8240775410189423, "_wandb": {"runtime": 536}}