{"global_step": 1199, "client0_global_round": 0, "client0_local_epoch": 0, "client0_local_step": 1199, "client0_step_loss": 1.7046576738357544, "client0_avg_loss": 2.086628166437149, "client0_self": 0.0003113359383520532, "_timestamp": 1711058803.6581542, "_runtime": 186.4452772140503, "_step": 1199, "client0_attacker_b2tr_step": 0.8922222172222223, "client0_DRA_b2tr_rgLf_avg": 0.8910565349011335, "client0_DRA_b2tr_rgLf_sampled": 0.8683863653824894, "_wandb": {"runtime": 185}}