{"global_step": 999, "client0_global_round": 0, "client0_local_epoch": 0, "client0_local_step": 999, "client0_step_loss": 1.7414172887802124, "client0_avg_loss": 1.8439169017076493, "client0_self": 0.00018109891434775482, "client0_DRA_0_step_RLF": 0.07741935409448492, "client0_DRA_1_step_RLF": 0.2526315755628809, "client0_DRA_2_step_RLF": 0.45833332862534726, "client0_DRA_3_step_RLF": 0.5842696579887502, "client0_DRA_4_step_RLF": 0.629629624683402, "client0_DRA_5_step_RLF": 0.6254545404895208, "client0_DRA_6_step_RLF": 0.6049822014239943, "client0_DRA_7_step_RLF": 0.6028368744487199, "client0_DRA_8_step_RLF": 0.5815602787040391, "client0_DRA_9_step_RLF": 0.5555555505615838, "client0_DRA_10_step_RLF": 0.20320855291143589, "client0_DRA_11_step_RLF": 0.22340425203089637, "client0_DRA_12_step_RLF": 0.2127659541585559, "client0_DRA_13_step_RLF": 0.17297296983842225, "client0_DRA_14_step_RLF": 0.05813953256692817, "client0_DRA_15_step_RLF": 0.02453987573036255, "client0_DRA_16_step_RLF": 0.02484471911731808, "client0_DRA_17_step_RLF": 0.024691356548544516, "client0_DRA_18_step_RLF": 0.02453987573036255, "client0_DRA_19_step_RLF": 0.0, "client0_DRA_20_step_RLF": 0.0, "client0_DRA_21_step_RLF": 0.0, "client0_DRA_22_step_RLF": 0.0, "client0_DRA_23_step_RLF": 0.0, "client0_DRA_24_step_RLF": 0.0, "client0_DRA_25_step_RLF": 0.0, "client0_DRA_26_step_RLF": 0.0, "client0_DRA_27_step_RLF": 0.0, "client0_DRA_28_step_RLF": 0.0, "client0_DRA_29_step_RLF": 0.0, "client0_DRA_30_step_RLF": 0.0, "client0_DRA_31_step_RLF": 0.0, "_timestamp": 1711076747.338123, "_runtime": 1729.2585861682892, "_step": 999, "client0_attacker_tr2t_step": 0.0, "client0_DRA_0_RLF_avg": 0.04511111398497311, "client0_DRA_0_R1F_avg": 0.04514256828372727, "client0_DRA_0_R2F_avg": 0.004975429541037846, "client0_DRA_1_RLF_avg": 0.2572386031898228, "client0_DRA_1_R1F_avg": 0.2656514135477186, "client0_DRA_1_R2F_avg": 0.07719872277652935, "client0_DRA_2_RLF_avg": 0.4887202079845578, "client0_DRA_2_R1F_avg": 0.4972058423269407, "client0_DRA_2_R2F_avg": 0.2618399527431337, "client0_DRA_3_RLF_avg": 0.6054647105720963, "client0_DRA_3_R1F_avg": 0.6106654185707845, "client0_DRA_3_R2F_avg": 0.4027201037529727, "client0_DRA_4_RLF_avg": 0.6513957360389281, "client0_DRA_4_R1F_avg": 0.6539626070731749, "client0_DRA_4_R2F_avg": 0.46647801260146904, "client0_DRA_5_RLF_avg": 0.6499094259849574, "client0_DRA_5_R1F_avg": 0.6517643877083532, "client0_DRA_5_R2F_avg": 0.4710191426448121, "client0_DRA_6_RLF_avg": 0.636958051021435, "client0_DRA_6_R1F_avg": 0.6387774695968315, "client0_DRA_6_R2F_avg": 0.45793094254760114, "client0_DRA_7_RLF_avg": 0.5953334443811402, "client0_DRA_7_R1F_avg": 0.5972292368452842, "client0_DRA_7_R2F_avg": 0.42511274265100074, "client0_DRA_8_RLF_avg": 0.5490609894655936, "client0_DRA_8_R1F_avg": 0.5510880358315499, "client0_DRA_8_R2F_avg": 0.3847097252793112, "client0_DRA_9_RLF_avg": 0.43892496001746073, "client0_DRA_9_R1F_avg": 0.44118404088558066, "client0_DRA_9_R2F_avg": 0.28606728240515583, "client0_DRA_10_RLF_avg": 0.3191749068830931, "client0_DRA_10_R1F_avg": 0.32149286321489073, "client0_DRA_10_R2F_avg": 0.19240363849918243, "client0_DRA_11_RLF_avg": 0.25305004765327194, "client0_DRA_11_R1F_avg": 0.2552252043980764, "client0_DRA_11_R2F_avg": 0.14052337809971083, "client0_DRA_12_RLF_avg": 0.1548811349548924, "client0_DRA_12_R1F_avg": 0.15642927059498452, "client0_DRA_12_R2F_avg": 0.07502761664208848, "client0_DRA_13_RLF_avg": 0.11088611853062662, "client0_DRA_13_R1F_avg": 0.11210932692019356, "client0_DRA_13_R2F_avg": 0.04738351409378683, "client0_DRA_14_RLF_avg": 0.053638121055998536, "client0_DRA_14_R1F_avg": 0.053961026304364466, "client0_DRA_14_R2F_avg": 0.019984598085684896, "client0_DRA_15_RLF_avg": 0.034002813394386905, "client0_DRA_15_R1F_avg": 0.03420495748812608, "client0_DRA_15_R2F_avg": 0.010697448581500263, "client0_DRA_16_RLF_avg": 0.012515118542581504, "client0_DRA_16_R1F_avg": 0.012582859257454724, "client0_DRA_16_R2F_avg": 0.0025447586214826234, "client0_DRA_17_RLF_avg": 0.009690623165939116, "client0_DRA_17_R1F_avg": 0.009735899361762756, "client0_DRA_17_R2F_avg": 0.0015746155554389356, "client0_DRA_18_RLF_avg": 0.009046069256978121, "client0_DRA_18_R1F_avg": 0.009046069256978121, "client0_DRA_18_R2F_avg": 0.001384050173250854, "client0_DRA_19_RLF_avg": 0.0057776046982059015, "client0_DRA_19_R1F_avg": 0.005787083371191683, "client0_DRA_19_R2F_avg": 0.0010257834330309001, "client0_DRA_20_RLF_avg": 0.00514476601631195, "client0_DRA_20_R1F_avg": 0.005154335394302381, "client0_DRA_20_R2F_avg": 0.0006540658888068983, "client0_DRA_21_RLF_avg": 0.00419064178542386, "client0_DRA_21_R1F_avg": 0.00419064178542386, "client0_DRA_21_R2F_avg": 0.0004928736622704455, "client0_DRA_22_RLF_avg": 0.0028846510289867715, "client0_DRA_22_R1F_avg": 0.0028846510289867715, "client0_DRA_22_R2F_avg": 0.00024243215433107838, "client0_DRA_23_RLF_avg": 0.0023133520348634163, "client0_DRA_23_R1F_avg": 0.0023133520348634163, "client0_DRA_23_R2F_avg": 0.00020052278247455183, "client0_DRA_24_RLF_avg": 0.0010587991754961393, "client0_DRA_24_R1F_avg": 0.0010587991754961393, "client0_DRA_24_R2F_avg": 3.9066423525686664e-05, "client0_DRA_25_RLF_avg": 0.0008858547697194177, "client0_DRA_25_R1F_avg": 0.0008858547697194177, "client0_DRA_25_R2F_avg": 1.8323044198006773e-05, "client0_DRA_26_RLF_avg": 0.00028419611897820073, "client0_DRA_26_R1F_avg": 0.00028419611897820073, "client0_DRA_26_R2F_avg": 5.730656449784001e-06, "client0_DRA_27_RLF_avg": 0.0002997177469947421, "client0_DRA_27_R1F_avg": 0.0002997177469947421, "client0_DRA_27_R2F_avg": 5.6657196716140994e-06, "client0_DRA_28_RLF_avg": 0.00017659318404504421, "client0_DRA_28_R1F_avg": 0.00017659318404504421, "client0_DRA_28_R2F_avg": 0.0, "client0_DRA_29_RLF_avg": 0.00012205887769526283, "client0_DRA_29_R1F_avg": 0.00012205887769526283, "client0_DRA_29_R2F_avg": 0.0, "client0_DRA_30_RLF_avg": 0.00042341770249725485, "client0_DRA_30_R1F_avg": 0.00042341770249725485, "client0_DRA_30_R2F_avg": 5.6980017499885304e-06, "client0_DRA_31_RLF_avg": 0.0009487611022414513, "client0_DRA_31_R1F_avg": 0.0009724335044602959, "client0_DRA_31_R2F_avg": 8.130076507372777e-06, "client0_attacker_tr2t_avg": 0.0009296905503419534, "client0_attacker_tr2t_sampled": 0.0, "client0_test-ppl": 13.402877807617188, "_wandb": {"runtime": 1727}}