{"global_step": 1199, "client0_global_round": 0, "client0_local_epoch": 0, "client0_local_step": 1199, "client0_step_loss": 1.1479823589324951, "client0_avg_loss": 0.39549718011791507, "client0_self": 0.0, "_timestamp": 1711051405.7048507, "_runtime": 194.1105556488037, "_step": 1199, "client0_attacker_b2tr_step": 0.8859590141474523, "client0_DRA_b2tr_rgLf_avg": 0.8643377090881242, "client0_DRA_b2tr_rgLf_sampled": 0.8630776740839405, "_wandb": {"runtime": 192}}