{"global_step": 1199, "client0_global_round": 0, "client0_local_epoch": 0, "client0_local_step": 1199, "client0_step_loss": 1.8190385103225708, "client0_avg_loss": 1.6558117115497588, "client0_self": 0.00011384521799642472, "_timestamp": 1711105191.0642529, "_runtime": 767.9353377819061, "_step": 1199, "client0_attacker_b2tr_step": 0.8438007929930094, "client0_DRA_b2tr_rgLf_avg": 0.9319441585509889, "client0_DRA_b2tr_rgLf_sampled": 0.936362323053079, "_wandb": {"runtime": 762}}