{"global_step": 999, "client0_global_round": 0, "client0_local_epoch": 0, "client0_local_step": 999, "client0_step_loss": 1.7414172887802124, "client0_avg_loss": 1.8439169017076493, "client0_self": 0.00018109891434775482, "client0_DRA_0_step_RLF": 0.01333333320088889, "client0_DRA_1_step_RLF": 0.0, "client0_DRA_2_step_RLF": 0.07058823312871979, "client0_DRA_3_step_RLF": 0.1414141376895216, "client0_DRA_4_step_RLF": 0.25751072500285516, "client0_DRA_5_step_RLF": 0.24390243424780234, "client0_DRA_6_step_RLF": 0.25409835590063157, "client0_DRA_7_step_RLF": 0.2677165305831112, "client0_DRA_8_step_RLF": 0.26053639356791597, "client0_DRA_9_step_RLF": 0.26923076433757404, "client0_DRA_10_step_RLF": 0.2481202958242411, "client0_DRA_11_step_RLF": 0.2259414178988464, "client0_DRA_12_step_RLF": 0.052356017511581594, "client0_DRA_13_step_RLF": 0.2021660600106871, "client0_DRA_14_step_RLF": 0.021621618487071313, "client0_DRA_15_step_RLF": 0.031088079381460302, "client0_DRA_16_step_RLF": 0.0, "client0_DRA_17_step_RLF": 0.0, "client0_DRA_18_step_RLF": 0.029850742433108583, "client0_DRA_19_step_RLF": 0.0, "client0_DRA_20_step_RLF": 0.010204077986777645, "client0_DRA_21_step_RLF": 0.026200868816384917, "client0_DRA_22_step_RLF": 0.043859644594106344, "client0_DRA_23_step_RLF": 0.03463203005266079, "client0_DRA_24_step_RLF": 0.017467244362236838, "client0_DRA_25_step_RLF": 0.0257510683504954, "client0_DRA_26_step_RLF": 0.016666661958681887, "client0_DRA_27_step_RLF": 0.016666661958681887, "client0_DRA_28_step_RLF": 0.04032257584840068, "client0_DRA_29_step_RLF": 0.0, "client0_DRA_30_step_RLF": 0.00816326054011107, "client0_DRA_31_step_RLF": 0.07031249513458285, "_timestamp": 1711083163.1719198, "_runtime": 2491.2052767276764, "_step": 999, "client0_attacker_tr2t_step": 0.0257510683504954, "client0_DRA_0_RLF_avg": 0.0051702086756522225, "client0_DRA_0_R1F_avg": 0.0051702086756522225, "client0_DRA_0_R2F_avg": 3.612471042049085e-05, "client0_DRA_1_RLF_avg": 0.0017475951468769373, "client0_DRA_1_R1F_avg": 0.0017475951468769373, "client0_DRA_1_R2F_avg": 0.0, "client0_DRA_2_RLF_avg": 0.05664893683108772, "client0_DRA_2_R1F_avg": 0.05816280218124819, "client0_DRA_2_R2F_avg": 0.003210537255509502, "client0_DRA_3_RLF_avg": 0.1660112109803874, "client0_DRA_3_R1F_avg": 0.17164173352663412, "client0_DRA_3_R2F_avg": 0.042024041178689346, "client0_DRA_4_RLF_avg": 0.3016056516203524, "client0_DRA_4_R1F_avg": 0.30452671464423636, "client0_DRA_4_R2F_avg": 0.1184751232699104, "client0_DRA_5_RLF_avg": 0.3400321630546024, "client0_DRA_5_R1F_avg": 0.34226855745891555, "client0_DRA_5_R2F_avg": 0.15579511485209088, "client0_DRA_6_RLF_avg": 0.3320954909835326, "client0_DRA_6_R1F_avg": 0.3343862265729171, "client0_DRA_6_R2F_avg": 0.15171201111046662, "client0_DRA_7_RLF_avg": 0.3251988823951923, "client0_DRA_7_R1F_avg": 0.32778109368975256, "client0_DRA_7_R2F_avg": 0.14800624397860776, "client0_DRA_8_RLF_avg": 0.3084548909919345, "client0_DRA_8_R1F_avg": 0.31067432513251675, "client0_DRA_8_R2F_avg": 0.13616004499394857, "client0_DRA_9_RLF_avg": 0.2910038953475516, "client0_DRA_9_R1F_avg": 0.2931151132531982, "client0_DRA_9_R2F_avg": 0.12477582660212976, "client0_DRA_10_RLF_avg": 0.2564724122542198, "client0_DRA_10_R1F_avg": 0.25870826801398933, "client0_DRA_10_R2F_avg": 0.10454408061045066, "client0_DRA_11_RLF_avg": 0.2181909936058076, "client0_DRA_11_R1F_avg": 0.22086427950556003, "client0_DRA_11_R2F_avg": 0.08322303627380175, "client0_DRA_12_RLF_avg": 0.172572923143786, "client0_DRA_12_R1F_avg": 0.1752256612698429, "client0_DRA_12_R2F_avg": 0.06121552362645667, "client0_DRA_13_RLF_avg": 0.1627442150849302, "client0_DRA_13_R1F_avg": 0.16578421862885914, "client0_DRA_13_R2F_avg": 0.05697841558782567, "client0_DRA_14_RLF_avg": 0.09375042891265084, "client0_DRA_14_R1F_avg": 0.09524135367088211, "client0_DRA_14_R2F_avg": 0.02828304812821988, "client0_DRA_15_RLF_avg": 0.06733698803366689, "client0_DRA_15_R1F_avg": 0.06813336332933016, "client0_DRA_15_R2F_avg": 0.017901098996272347, "client0_DRA_16_RLF_avg": 0.022364796169123527, "client0_DRA_16_R1F_avg": 0.022738667104629896, "client0_DRA_16_R2F_avg": 0.005002950008552705, "client0_DRA_17_RLF_avg": 0.009077812214172544, "client0_DRA_17_R1F_avg": 0.009167198414507432, "client0_DRA_17_R2F_avg": 0.001545358520389266, "client0_DRA_18_RLF_avg": 0.01654257838260682, "client0_DRA_18_R1F_avg": 0.016752384406567424, "client0_DRA_18_R2F_avg": 0.0031323880439902575, "client0_DRA_19_RLF_avg": 0.01792926204425667, "client0_DRA_19_R1F_avg": 0.018153431061474542, "client0_DRA_19_R2F_avg": 0.002892306641842704, "client0_DRA_20_RLF_avg": 0.026783345016419227, "client0_DRA_20_R1F_avg": 0.027608730230720985, "client0_DRA_20_R2F_avg": 0.004139342679536227, "client0_DRA_21_RLF_avg": 0.03631023697751009, "client0_DRA_21_R1F_avg": 0.03735323025032265, "client0_DRA_21_R2F_avg": 0.005564808989848999, "client0_DRA_22_RLF_avg": 0.03628979973849748, "client0_DRA_22_R1F_avg": 0.03756516907058793, "client0_DRA_22_R2F_avg": 0.004978040222929946, "client0_DRA_23_RLF_avg": 0.04562308744557221, "client0_DRA_23_R1F_avg": 0.04737969332259829, "client0_DRA_23_R2F_avg": 0.0059163845336334935, "client0_DRA_24_RLF_avg": 0.034672613044131745, "client0_DRA_24_R1F_avg": 0.03569636741481283, "client0_DRA_24_R2F_avg": 0.0034742722639106286, "client0_DRA_25_RLF_avg": 0.03964620161647352, "client0_DRA_25_R1F_avg": 0.040806589193728045, "client0_DRA_25_R2F_avg": 0.0035417650319052186, "client0_DRA_26_RLF_avg": 0.025381660950778397, "client0_DRA_26_R1F_avg": 0.02610702310607807, "client0_DRA_26_R2F_avg": 0.0018534272021738026, "client0_DRA_27_RLF_avg": 0.023862482029187827, "client0_DRA_27_R1F_avg": 0.02450693386343876, "client0_DRA_27_R2F_avg": 0.0015323202769822331, "client0_DRA_28_RLF_avg": 0.03264250272473515, "client0_DRA_28_R1F_avg": 0.03361097067277125, "client0_DRA_28_R2F_avg": 0.0019750853785825096, "client0_DRA_29_RLF_avg": 0.015409019330812011, "client0_DRA_29_R1F_avg": 0.015776583278282325, "client0_DRA_29_R2F_avg": 0.0005465240211483336, "client0_DRA_30_RLF_avg": 0.028276713233864676, "client0_DRA_30_R1F_avg": 0.02885155378369217, "client0_DRA_30_R2F_avg": 0.0007138244717786743, "client0_DRA_31_RLF_avg": 0.024518855742258552, "client0_DRA_31_R1F_avg": 0.02475403668403367, "client0_DRA_31_R2F_avg": 7.631349399778862e-05, "client0_attacker_tr2t_avg": 0.03846416584903008, "client0_attacker_tr2t_sampled": 0.031562580687675854, "client0_test-ppl": 13.402877807617188, "_wandb": {"runtime": 2485}}